epoch,total_epochs,step,steps_per_epoch,global_step,lr,time_val,time_avg,loss_val,loss_avg,grad_val,grad_avg,mem_mb,num_ranks_used
0,100,0,823,0,4e-06,4.28725,4.28725,0.9457,0.9457,3.3136,3.3136,18411.0,2
0,100,100,823,100,1.2e-05,1.4517,1.4652,0.84345,0.84215,0.0411,0.2174,18670.0,2
0,100,200,823,200,2.1e-05,1.4551,1.4594,0.8378,0.8405,0.0673,0.1452,18670.0,2
0,100,300,823,300,3e-05,1.4553,1.4582,0.8464,0.8397,0.0938,0.1215,18670.0,2
0,100,400,823,400,3.9e-05,1.4541,1.4575,0.83935,0.8396,0.0165,0.1304,18670.0,2
0,100,500,823,500,4.7e-05,1.4553,1.457,0.8384499999999999,0.8392,0.0719,0.1093,18670.0,2
0,100,600,823,600,5.6e-05,1.4584,1.4568,0.73295,0.8381,0.9327,0.1241,18670.0,2
0,100,700,823,700,6.5e-05,1.4592,1.4569,0.5154000000000001,0.8018,0.283,0.1536,18670.0,2
0,100,800,823,800,7.4e-05,1.4568,1.457,0.42805000000000004,0.75895,0.5444,0.2014,18670.0,2
1,100,0,823,823,7.6e-05,2.568,2.568,0.41069999999999995,0.41069999999999995,0.5886,0.5886,18670.0,2
1,100,100,823,923,8.5e-05,1.458,1.4683,0.39690000000000003,0.39635,0.5439,0.5721,18670.0,2
1,100,200,823,1023,9.3e-05,1.4592,1.46345,0.37775000000000003,0.3897,0.6225,0.5629,18670.0,2
1,100,300,823,1123,0.000102,1.4575,1.4617499999999999,0.8523000000000001,0.40375,0.4363,0.7057,18670.0,2
1,100,400,823,1223,0.000111,1.4602,1.46075,0.41500000000000004,0.45345,0.4277,0.677,18670.0,2
1,100,500,823,1323,0.00012,1.4603,1.46045,0.392,0.44215,0.2719,0.6043,18670.0,2
1,100,600,823,1423,0.000128,1.4586,1.4603000000000002,0.38060000000000005,0.4325,0.4644,0.5575,18670.0,2
1,100,700,823,1523,0.000137,1.4592,1.46,0.3811,0.42475,0.3506,0.5293,18670.0,2
1,100,800,823,1623,0.000146,1.45945,1.45975,0.37305,0.41835,0.4647,0.5126,18670.0,2
2,100,0,823,1646,0.000148,2.0134999999999996,2.0134999999999996,0.3701,0.3701,0.4543,0.4543,18670.0,2
2,100,100,823,1746,0.000157,1.4577,1.4634,0.36885,0.37024999999999997,0.4493,0.4199,18670.0,2
2,100,200,823,1846,0.000165,1.4597,1.4605,0.36419999999999997,0.3687,0.5753,0.4333,18670.0,2
2,100,300,823,1946,0.000174,1.45735,1.4597,0.36125,0.36750000000000005,0.6453,0.4374,18670.0,2
2,100,400,823,2046,0.000183,1.4591,1.4593,0.36885,0.36615,0.363,0.4331,18670.0,2
2,100,500,823,2146,0.000192,1.4578,1.4591,0.35245,0.3653,0.3822,0.4372,18670.0,2
2,100,600,823,2246,0.0002,1.4587,1.4589,0.3597,0.36425,0.5362,0.4384,18670.0,2
2,100,700,823,2346,0.000209,1.4585,1.4589,0.359,0.3634,0.4115,0.4375,18670.0,2
2,100,800,823,2446,0.000218,1.4581,1.4588,0.35514999999999997,0.3628,0.3591,0.4382,18670.0,2
3,100,0,823,2469,0.00022,2.02165,2.02165,0.35075,0.35075,0.3252,0.3252,18670.0,2
3,100,100,823,2569,0.000229,1.4600499999999998,1.4643,0.35675,0.35515,0.4576,0.3985,18670.0,2
3,100,200,823,2669,0.000238,1.4603,1.4621,0.352,0.35495,0.4381,0.4193,18670.0,2
3,100,300,823,2769,0.000246,1.4605,1.4618,0.35109999999999997,0.35455000000000003,0.5036,0.4116,18670.0,2
3,100,400,823,2869,0.000255,1.4579,1.4612,0.35419999999999996,0.35435,0.26,0.4142,18670.0,2
3,100,500,823,2969,0.000264,1.4597,1.4608,0.352,0.3538,0.4169,0.4138,18670.0,2
3,100,600,823,3069,0.000273,1.4604,1.4606,0.3509,0.35325,0.3324,0.4125,18670.0,2
3,100,700,823,3169,0.000281,1.4593,1.4605,0.3496,0.3529,0.4286,0.4103,18670.0,2
3,100,800,823,3269,0.00029,1.4592,1.4603,0.35475,0.3524,0.4206,0.4081,18670.0,2
4,100,0,823,3292,0.000292,2.044,2.044,0.35050000000000003,0.35050000000000003,0.388,0.388,18670.0,2
4,100,100,823,3392,0.000301,1.4554,1.464,0.8384499999999999,0.5014000000000001,0.0618,0.5369,18670.0,2
4,100,200,823,3492,0.00031,1.4563,1.4599,0.8412,0.6696500000000001,0.0274,0.2843,18670.0,2
4,100,300,823,3592,0.000318,1.457,1.4588,0.8357,0.726,0.0541,0.1989,18670.0,2
4,100,400,823,3692,0.000327,1.45615,1.4581,0.83235,0.754,0.0495,0.158,18670.0,2
4,100,500,823,3792,0.000336,1.4552,1.4577,0.8361000000000001,0.77105,0.0271,0.1351,18670.0,2
4,100,600,823,3892,0.000345,1.4557,1.4574,0.83185,0.78225,0.0185,0.1199,18670.0,2
4,100,700,823,3992,0.000354,1.4555500000000001,1.4571,0.837,0.7903,0.0338,0.1088,18670.0,2
4,100,800,823,4092,0.000362,1.4578,1.4572,0.83135,0.79625,0.0461,0.1013,18670.0,2
5,100,0,823,4115,0.000364,1.9851999999999999,1.9851999999999999,0.8311999999999999,0.8311999999999999,0.0475,0.0475,18670.0,2
5,100,100,823,4215,0.000373,1.4588,1.4631,0.8331500000000001,0.8371999999999999,0.1132,0.0414,18670.0,2
5,100,200,823,4315,0.000382,1.4574,1.4604,0.84285,0.8378,0.0848,0.0454,18670.0,2
5,100,300,823,4415,0.000391,1.4567,1.4594,0.8468500000000001,0.83775,0.0461,0.0449,18670.0,2
5,100,400,823,4515,0.000399,1.4573,1.4588,0.8385499999999999,0.83775,0.0338,0.047,18670.0,2
5,100,500,823,4615,0.000408,1.4587,1.4585,0.8326,0.8376,0.0356,0.0461,18670.0,2
5,100,600,823,4715,0.000417,1.4557,1.4583,0.84205,0.8376,0.0936,0.0483,18670.0,2
5,100,700,823,4815,0.000426,1.4572,1.458,0.8358000000000001,0.83755,0.1039,0.0503,18670.0,2
5,100,800,823,4915,0.000434,1.4557,1.4578,0.8392,0.83775,0.0116,0.056,18670.0,2
6,100,0,823,4938,0.000436,2.5641,2.5641,0.83985,0.83985,0.0201,0.0201,18670.0,2
6,100,100,823,5038,0.000445,1.4556,1.4661,0.85505,0.8409,0.2016,0.0736,18670.0,2
6,100,200,823,5138,0.000454,1.4553,1.4609,0.83925,0.8403,0.0137,0.0646,18670.0,2
6,100,300,823,5238,0.000463,1.4564,1.4593,0.84415,0.84015,0.0409,0.0509,18670.0,2
6,100,400,823,5338,0.000472,1.4558,1.45855,0.8429500000000001,0.8398,0.0148,0.044,18670.0,2
6,100,500,823,5438,0.00048,1.4569,1.45815,0.83945,0.83955,0.023,0.0405,18670.0,2
6,100,600,823,5538,0.000489,1.45785,1.4580000000000002,0.84395,0.83945,0.0618,0.0401,18670.0,2
6,100,700,823,5638,0.000498,1.4575,1.4578000000000002,0.8357,0.83945,0.0392,0.0393,18670.0,2
6,100,800,823,5738,0.000507,1.4601,1.45795,0.8472,0.8394,0.0592,0.0412,18670.0,2
7,100,0,823,5761,0.000509,2.0736499999999998,2.0736499999999998,0.84195,0.84195,0.1351,0.1351,18670.0,2
7,100,100,823,5861,0.000517,1.4582,1.4644,0.8418000000000001,0.83875,0.0275,0.0522,18670.0,2
7,100,200,823,5961,0.000526,1.4569,1.4609,0.83975,0.8391,0.8022,0.1288,18670.0,2
7,100,300,823,6061,0.000535,1.4555500000000001,1.4595,0.8391,0.83905,0.0181,0.0976,18670.0,2
7,100,400,823,6161,0.000544,1.4551,1.4586,0.845,0.8392,0.0213,0.0811,18670.0,2
7,100,500,823,6261,0.000552,1.4563,1.458,0.8352999999999999,0.83915,0.0145,0.0707,18670.0,2
7,100,600,823,6361,0.000561,1.4575,1.4577,0.8385499999999999,0.83915,0.0425,0.0633,18670.0,2
7,100,700,823,6461,0.00057,1.4565,1.4575,0.8327,0.8391500000000001,0.012,0.0596,18670.0,2
7,100,800,823,6561,0.000579,1.4562,1.4573,0.8362499999999999,0.83905,0.033,0.0583,18670.0,2
8,100,0,823,6584,0.000581,1.9984000000000002,1.9984000000000002,0.83645,0.83645,0.0409,0.0409,18670.0,2
8,100,100,823,6684,0.000589,1.4567,1.462,0.8366,0.8393,0.0133,0.0396,18670.0,2
8,100,200,823,6784,0.000598,1.45735,1.4598,0.83755,0.8391,0.0235,0.0396,18670.0,2
8,100,300,823,6884,0.000607,1.4574,1.45905,0.8424,0.8388,2.9559,0.0618,18670.0,2
8,100,400,823,6984,0.000616,1.45735,1.4587,0.8336,0.8387,0.041,0.097,18670.0,2
8,100,500,823,7084,0.000625,1.4575,1.4584,0.8446499999999999,0.83845,0.1235,0.0882,18670.0,2
8,100,600,823,7184,0.000633,1.4568500000000002,1.4581,0.839,0.8383,0.0541,0.0867,18670.0,2
8,100,700,823,7284,0.000642,1.4581,1.4579,0.85585,0.8377,1403.8081,3.3416,18670.0,2
8,100,800,823,7384,0.000651,1.4591,1.4578,0.84545,0.83815,0.0203,3.1775,18670.0,2
9,100,0,823,7407,0.000653,1.9922,1.9922,0.83465,0.83465,0.0498,0.0498,18670.0,2
9,100,100,823,7507,0.000662,1.4558,1.4618,0.8388,0.8383499999999999,0.0863,0.0377,18670.0,2
9,100,200,823,7607,0.00067,1.4566,1.4591,0.83475,0.837,0.1547,0.0526,18670.0,2
9,100,300,823,7707,0.000679,1.4553,1.4581,0.8382000000000001,0.83785,0.0152,0.1045,18670.0,2
9,100,400,823,7807,0.000688,1.4564,1.4575,0.83555,0.838,0.0143,0.0893,18670.0,2
9,100,500,823,7907,0.000697,1.4572,1.4574,0.83135,0.83775,0.1758,0.0914,18670.0,2
9,100,600,823,8007,0.000705,1.4535,1.4573,0.8245,0.8359,0.0779,0.1276,18670.0,2
9,100,700,823,8107,0.000714,1.4594,1.4572,0.6343,0.82255,0.2159,0.1749,18670.0,2
9,100,800,823,8207,0.000723,1.4562,1.4573,0.5466,0.793,0.1315,0.1756,18670.0,2
10,100,0,823,8230,0.000725,2.0002500000000003,2.0002500000000003,0.52475,0.52475,0.1998,0.1998,18670.0,2
10,100,100,823,8330,0.000725,1.459,1.4637,0.4862,0.5005,0.1436,0.1863,18670.0,2
10,100,200,823,8430,0.000725,1.4589,1.4614,0.46165,0.48805,0.0951,0.1857,18670.0,2
10,100,300,823,8530,0.000725,1.4585,1.4604,0.44020000000000004,0.47855000000000003,0.2296,0.1861,18670.0,2
10,100,400,823,8630,0.000725,1.4571,1.4597,0.45735000000000003,0.47209999999999996,0.1506,0.1897,18670.0,2
10,100,500,823,8730,0.000725,1.4592,1.4595,0.44255,0.46645000000000003,0.2036,0.1896,18670.0,2
10,100,600,823,8830,0.000725,1.4601,1.4594,0.43085,0.46175,0.1568,0.191,18670.0,2
10,100,700,823,8930,0.000725,1.4593,1.4594,0.42285,0.4585,0.193,0.1929,18670.0,2
10,100,800,823,9030,0.000725,1.45945,1.4594,0.40159999999999996,0.45375,0.0695,0.1943,18670.0,2
11,100,0,823,9053,0.000725,2.58995,2.58995,0.40695,0.40695,0.1579,0.1579,18670.0,2
11,100,100,823,9153,0.000725,1.4601,1.4703499999999998,0.39705,0.4058,0.1108,0.2054,18670.0,2
11,100,200,823,9253,0.000725,1.4591,1.4649999999999999,0.39885,0.40325,0.0824,0.2104,18670.0,2
11,100,300,823,9353,0.000725,1.4593,1.4631500000000002,0.40175,0.40115,0.135,0.2151,18670.0,2
11,100,400,823,9453,0.000725,1.4593,1.46225,0.3816,0.39754999999999996,0.1804,0.2037,18670.0,2
11,100,500,823,9553,0.000725,1.4599,1.4617499999999999,0.37039999999999995,0.3937,0.1005,0.1998,18670.0,2
11,100,600,823,9653,0.000725,1.4597,1.46135,0.36895,0.3896,0.188,0.198,18670.0,2
11,100,700,823,9753,0.000725,1.4603,1.4611,0.36305,0.3858,0.1724,0.1979,18670.0,2
11,100,800,823,9853,0.000725,1.4599,1.4609,0.36424999999999996,0.3822,0.1479,0.195,18670.0,2
12,100,0,823,9876,0.000725,2.05835,2.05835,0.36005,0.36005,0.1866,0.1866,18670.0,2
12,100,100,823,9976,0.000725,1.4593,1.4654,0.3538,0.35050000000000003,0.1537,0.1901,18670.0,2
12,100,200,823,10076,0.000725,1.459,1.4625,0.33185,0.34545000000000003,0.2406,0.1923,18670.0,2
12,100,300,823,10176,0.000725,1.4603,1.4615,0.33555,0.3398,0.4183,0.1914,18670.0,2
12,100,400,823,10276,0.000725,1.4593,1.461,0.3113,0.3345,0.2317,0.1908,18670.0,2
12,100,500,823,10376,0.000725,1.4597,1.4607,0.30835,0.32995,0.1721,0.1969,18670.0,2
12,100,600,823,10476,0.000725,1.4591,1.4605,0.29885,0.3256,0.2012,0.1959,18670.0,2
12,100,700,823,10576,0.000725,1.4628,1.4606,0.2937,0.3218,0.122,0.1989,18670.0,2
12,100,800,823,10676,0.000725,1.4611,1.4607,0.29235,0.3183,0.168,0.1963,18670.0,2
13,100,0,823,10699,0.000725,2.05915,2.05915,0.28525,0.28525,0.2569,0.2569,18670.0,2
13,100,100,823,10799,0.000725,1.4595,1.4656,0.2783,0.2901,0.1738,0.2138,18670.0,2
13,100,200,823,10899,0.000725,1.4596,1.4626,0.27805,0.28705,0.1654,0.1924,18670.0,2
13,100,300,823,10999,0.000725,1.4599,1.4616,0.27875,0.28464999999999996,0.1992,0.1805,18670.0,2
13,100,400,823,11099,0.000725,1.4602,1.4611,0.28025,0.28264999999999996,0.3308,0.1804,18670.0,2
13,100,500,823,11199,0.000725,1.4586,1.4608,0.27315,0.28075,0.1199,0.1801,18670.0,2
13,100,600,823,11299,0.000725,1.4599,1.4606,0.26645,0.279,0.189,0.1772,18670.0,2
13,100,700,823,11399,0.000725,1.4583,1.4604,0.2611,0.27735,0.1747,0.1764,18670.0,2
13,100,800,823,11499,0.000725,1.4602499999999998,1.4603,0.26595,0.27565,0.1772,0.1736,18670.0,2
14,100,0,823,11522,0.000725,2.03415,2.03415,0.26155,0.26155,0.1793,0.1793,18670.0,2
14,100,100,823,11622,0.000725,1.4595,1.4652500000000002,0.26134999999999997,0.26139999999999997,0.1299,0.1553,18670.0,2
14,100,200,823,11722,0.000725,1.4607,1.4625,0.2579,0.2603,0.1049,0.153,18670.0,2
14,100,300,823,11822,0.000725,1.4595,1.4616,0.25565,0.2589,0.1431,0.1558,18670.0,2
14,100,400,823,11922,0.000725,1.4597,1.4611,0.2602,0.25765,0.1448,0.1521,18670.0,2
14,100,500,823,12022,0.000725,1.4625,1.4612,0.24975000000000003,0.25655,0.0976,0.15,18670.0,2
14,100,600,823,12122,0.000725,1.4632,1.4614,0.256,0.2555,0.4033,0.1472,18670.0,2
14,100,700,823,12222,0.000725,1.4606,1.4614,0.247,0.2548,0.2564,0.1473,18670.0,2
14,100,800,823,12322,0.000725,1.4591,1.4612,0.24945,0.25385,0.0979,0.1453,18670.0,2
15,100,0,823,12345,0.000725,2.0391500000000002,2.0391500000000002,0.2529,0.2529,0.0829,0.0829,18670.0,2
15,100,100,823,12445,0.000725,1.4592,1.4654,0.24430000000000002,0.24405,0.1328,0.1192,18670.0,2
15,100,200,823,12545,0.000725,1.4594,1.4625,0.24095,0.2434,0.1432,0.1458,18670.0,2
15,100,300,823,12645,0.000725,1.4596,1.4615,0.24545,0.2426,0.1343,0.1397,18670.0,2
15,100,400,823,12745,0.000725,1.4591,1.4611,0.23595,0.24175,0.1132,0.1333,18670.0,2
15,100,500,823,12845,0.000725,1.45965,1.4608,0.2363,0.24080000000000001,0.1023,0.1315,18670.0,2
15,100,600,823,12945,0.000725,1.45995,1.4606,0.23735,0.2399,0.0935,0.1308,18670.0,2
15,100,700,823,13045,0.000725,1.4602,1.4606,0.23465,0.23909999999999998,0.0877,0.1297,18670.0,2
15,100,800,823,13145,0.000725,1.4618,1.4605,0.22815000000000002,0.23815,0.1448,0.1275,18670.0,2
16,100,0,823,13168,0.000725,2.56505,2.56505,0.2375,0.2375,0.0799,0.0799,18670.0,2
16,100,100,823,13268,0.000725,1.4625,1.4713500000000002,0.22675,0.2306,0.0766,0.1161,18670.0,2
16,100,200,823,13368,0.000725,1.4597,1.4659,0.23065000000000002,0.23005,0.1676,0.1169,18670.0,2
16,100,300,823,13468,0.000725,1.4599,1.46395,0.2273,0.2289,0.1517,0.117,18670.0,2
16,100,400,823,13568,0.000725,1.4625,1.4633500000000002,0.22525,0.22835,0.0879,0.118,18670.0,2
16,100,500,823,13668,0.000725,1.4629,1.46315,0.21744999999999998,0.22760000000000002,0.0606,0.1184,18670.0,2
16,100,600,823,13768,0.000725,1.459,1.46275,0.22185,0.22685,0.0662,0.1175,18670.0,2
16,100,700,823,13868,0.000725,1.4591,1.4624000000000001,0.21565,0.22610000000000002,0.084,0.1146,18670.0,2
16,100,800,823,13968,0.000725,1.4619,1.46225,0.22615000000000002,0.2254,0.1439,0.1155,18670.0,2
17,100,0,823,13991,0.000725,1.9729999999999999,1.9729999999999999,0.22055000000000002,0.22055000000000002,0.1073,0.1073,18670.0,2
17,100,100,823,14091,0.000725,1.4624,1.4656,0.22105,0.21894999999999998,0.1074,0.1138,18670.0,2
17,100,200,823,14191,0.000725,1.4601,1.4632,0.21255000000000002,0.21815,0.1321,0.1137,18670.0,2
17,100,300,823,14291,0.000725,1.4627,1.4626,0.21665,0.21735,0.0779,0.1082,18670.0,2
17,100,400,823,14391,0.000725,1.4606,1.4621,0.20885,0.2165,0.143,0.1087,18670.0,2
17,100,500,823,14491,0.000725,1.46095,1.4619,0.21155000000000002,0.21575,0.114,0.1092,18670.0,2
17,100,600,823,14591,0.000725,1.4597,1.4617,0.20945000000000003,0.21505,0.108,0.1075,18670.0,2
17,100,700,823,14691,0.000725,1.4593,1.4615,0.2081,0.21450000000000002,0.0944,0.1077,18670.0,2
17,100,800,823,14791,0.000725,1.45975,1.4613,0.2121,0.2138,0.1098,0.1065,18670.0,2
18,100,0,823,14814,0.000725,1.9989,1.9989,0.2123,0.2123,0.0652,0.0652,18670.0,2
18,100,100,823,14914,0.000725,1.4618,1.4661,0.20625,0.20829999999999999,0.0532,0.0891,18670.0,2
18,100,200,823,15014,0.000725,1.462,1.4639,0.2049,0.20785,0.1179,0.0971,18670.0,2
18,100,300,823,15114,0.000725,1.4621,1.4631,0.2069,0.2074,0.0593,0.0993,18670.0,2
18,100,400,823,15214,0.000725,1.4665,1.4632,0.20365,0.2069,0.0759,0.0986,18670.0,2
18,100,500,823,15314,0.000725,1.4639,1.4634,0.2036,0.20645000000000002,0.0904,0.0978,18670.0,2
18,100,600,823,15414,0.000725,1.463,1.4633,0.20615,0.20585,0.1338,0.097,18670.0,2
18,100,700,823,15514,0.000725,1.4622,1.4632,0.2021,0.2053,0.072,0.0955,18670.0,2
18,100,800,823,15614,0.000725,1.4625,1.4631,0.20155,0.20485,0.1554,0.096,18670.0,2
19,100,0,823,15637,0.000725,2.05355,2.05355,0.2029,0.2029,0.1256,0.1256,18670.0,2
19,100,100,823,15737,0.000725,1.464,1.4684,0.20155,0.20005,0.102,0.0959,18670.0,2
19,100,200,823,15837,0.000725,1.4621,1.4655,0.19940000000000002,0.19995,0.0976,0.0889,18670.0,2
19,100,300,823,15937,0.000725,1.4623,1.4644,0.19815,0.1997,0.0673,0.0884,18670.0,2
19,100,400,823,16037,0.000725,1.4622,1.4639,0.2,0.19924999999999998,0.0632,0.0891,18670.0,2
19,100,500,823,16137,0.000725,1.461,1.4636,0.19345,0.19895000000000002,0.0643,0.0915,18670.0,2
19,100,600,823,16237,0.000725,1.4612,1.4634,0.19825,0.19865,0.0607,0.0918,18670.0,2
19,100,700,823,16337,0.000725,1.4609,1.4632,0.19505,0.19824999999999998,0.0967,0.0912,18670.0,2
19,100,800,823,16437,0.000725,1.4633,1.463,0.19185000000000002,0.1979,0.0717,0.0908,18670.0,2
20,100,0,823,16460,0.000725,2.03305,2.03305,0.20015,0.20015,0.1225,0.1225,18670.0,2
20,100,100,823,16560,0.000725,1.4621499999999998,1.4677,0.19225,0.1953,0.0803,0.0914,18670.0,2
20,100,200,823,16660,0.000725,1.4609,1.4648,0.19175,0.19455,0.0655,0.0867,18670.0,2
20,100,300,823,16760,0.000725,1.4621499999999998,1.4638,0.19490000000000002,0.1944,0.0555,0.089,18670.0,2
20,100,400,823,16860,0.000725,1.4614,1.4635,0.42725,0.24295,0.2453,0.1594,18670.0,2
20,100,500,823,16960,0.000725,1.4624,1.4633,0.24314999999999998,0.25465,0.1329,0.1643,18670.0,2
20,100,600,823,17060,0.000725,1.4635,1.4632,0.21575,0.25,0.1253,0.1588,18670.0,2
20,100,700,823,17160,0.000725,1.46,1.4631,0.20700000000000002,0.24415,0.0955,0.1534,18670.0,2
20,100,800,823,17260,0.000725,1.4629,1.463,0.1992,0.23885,0.1097,0.1474,18670.0,2
21,100,0,823,17283,0.000725,2.5139,2.5139,0.2039,0.2039,0.1161,0.1161,18670.0,2
21,100,100,823,17383,0.000725,1.461,1.47195,0.19785,0.1982,0.0883,0.0865,18670.0,2
21,100,200,823,17483,0.000725,1.4617,1.4674999999999998,0.1989,0.19725,0.0963,0.0889,18670.0,2
21,100,300,823,17583,0.000725,1.4621,1.46585,0.1958,0.19635000000000002,0.0609,0.0895,18670.0,2
21,100,400,823,17683,0.000725,1.46035,1.46495,0.1899,0.19575,0.1112,0.0887,18670.0,2
21,100,500,823,17783,0.000725,1.4632,1.46445,0.1925,0.19519999999999998,0.0645,0.0884,18670.0,2
21,100,600,823,17883,0.000725,1.4609,1.4641000000000002,0.19295,0.19465,0.0717,0.0885,18670.0,2
21,100,700,823,17983,0.000725,1.4642,1.4638499999999999,0.18485000000000001,0.19424999999999998,0.0883,0.0868,18670.0,2
21,100,800,823,18083,0.000725,1.4616,1.46375,0.191,0.1938,0.0653,0.0862,18670.0,2
22,100,0,823,18106,0.000725,2.0522,2.0522,0.1917,0.1917,0.0761,0.0761,18670.0,2
22,100,100,823,18206,0.000725,1.463,1.4686,0.18919999999999998,0.1905,0.0886,0.0864,18670.0,2
22,100,200,823,18306,0.000725,1.463,1.4658,0.18469999999999998,0.1904,0.0694,0.0821,18670.0,2
22,100,300,823,18406,0.000725,1.4636,1.4649,0.18735000000000002,0.19014999999999999,0.0568,0.0817,18670.0,2
22,100,400,823,18506,0.000725,1.4637,1.4643,0.18964999999999999,0.18995,0.0972,0.0807,18670.0,2
22,100,500,823,18606,0.000725,1.4634,1.4639,0.18655,0.18964999999999999,0.0784,0.078,18670.0,2
22,100,600,823,18706,0.000725,1.4624,1.4639,0.18795,0.18955,0.0733,0.0779,18670.0,2
22,100,700,823,18806,0.000725,1.4647,1.464,0.19275,0.1894,0.0573,0.0784,18670.0,2
22,100,800,823,18906,0.000725,1.463,1.46395,0.18764999999999998,0.18925,0.0467,0.0779,18670.0,2
23,100,0,823,18929,0.000725,2.0167,2.0167,0.1884,0.1884,0.0622,0.0622,18670.0,2
23,100,100,823,19029,0.000725,1.4623,1.4683,0.18695,0.188,0.05,0.0784,18670.0,2
23,100,200,823,19129,0.000725,1.4632,1.46555,0.18630000000000002,0.18769999999999998,0.0516,0.0746,18670.0,2
23,100,300,823,19229,0.000725,1.4629500000000002,1.46455,0.18695,0.18735000000000002,0.0498,0.0751,18670.0,2
23,100,400,823,19329,0.000725,1.4633,1.4642,0.1846,0.18735000000000002,0.0524,0.0769,18670.0,2
23,100,500,823,19429,0.000725,1.4638,1.464,0.185,0.18714999999999998,0.0717,0.0772,18670.0,2
23,100,600,823,19529,0.000725,1.4622,1.4638,0.186,0.18705,0.0752,0.0765,18670.0,2
23,100,700,823,19629,0.000725,1.4655,1.4637,0.19080000000000003,0.187,0.0665,0.0774,18670.0,2
23,100,800,823,19729,0.000725,1.4623,1.4635500000000001,0.1847,0.1868,0.097,0.0758,18670.0,2
24,100,0,823,19752,0.000725,1.9735,1.9735,0.183,0.183,0.0865,0.0865,18670.0,2
24,100,100,823,19852,0.000725,1.4624,1.4672,0.1767,0.1854,0.0613,0.0768,18670.0,2
24,100,200,823,19952,0.000725,1.4613,1.4647,0.18369999999999997,0.18530000000000002,0.0491,0.0758,18670.0,2
24,100,300,823,20052,0.000725,1.46155,1.4639,0.18185,0.18514999999999998,0.1033,0.0768,18670.0,2
24,100,400,823,20152,0.000725,1.4641,1.4634,0.18409999999999999,0.18495,0.0519,0.0767,18670.0,2
24,100,500,823,20252,0.000725,1.4591,1.463,0.18225,0.1848,0.0761,0.0757,18670.0,2
24,100,600,823,20352,0.000725,1.4629,1.4626,0.18580000000000002,0.18480000000000002,0.0749,0.0771,18670.0,2
24,100,700,823,20452,0.000725,1.4601,1.4624,0.18005,0.1846,0.0682,0.0763,18670.0,2
24,100,800,823,20552,0.000725,1.46095,1.4622,0.18464999999999998,0.1844,0.0573,0.0763,18670.0,2
25,100,0,823,20575,0.000725,2.0709999999999997,2.0709999999999997,0.18719999999999998,0.18719999999999998,0.0719,0.0719,18670.0,2
25,100,100,823,20675,0.000725,1.4601,1.4664,0.184,0.183,0.0971,0.0693,18670.0,2
25,100,200,823,20775,0.000725,1.46285,1.46375,0.18115,0.18325,0.0422,0.0707,18670.0,2
25,100,300,823,20875,0.000725,1.4608,1.4628,0.18135,0.183,0.0792,0.0714,18670.0,2
25,100,400,823,20975,0.000725,1.4608,1.4623,0.18545,0.1827,0.0388,0.0705,18670.0,2
25,100,500,823,21075,0.000725,1.4627,1.4621,0.17595,0.18255,0.0417,0.0718,18670.0,2
25,100,600,823,21175,0.000725,1.4602,1.462,0.1777,0.18235,0.0806,0.0725,18670.0,2
25,100,700,823,21275,0.000725,1.4616,1.4619,0.18605,0.1823,0.0981,0.0733,18670.0,2
25,100,800,823,21375,0.000725,1.4613,1.4619,0.1815,0.18225,0.0793,0.0726,18670.0,2
26,100,0,823,21398,0.000725,2.5506,2.5506,0.1818,0.1818,0.0537,0.0537,18670.0,2
26,100,100,823,21498,0.000725,1.46305,1.472,0.18380000000000002,0.18095,0.0424,0.069,18670.0,2
26,100,200,823,21598,0.000725,1.4604499999999998,1.4667,0.18045,0.1809,0.0513,0.0698,18670.0,2
26,100,300,823,21698,0.000725,1.4611,1.465,0.18005,0.18095,0.0695,0.0689,18670.0,2
26,100,400,823,21798,0.000725,1.4622,1.4642499999999998,0.18275,0.1807,0.0904,0.0701,18670.0,2
26,100,500,823,21898,0.000725,1.463,1.4638499999999999,0.17895,0.18055,0.0601,0.0709,18670.0,2
26,100,600,823,21998,0.000725,1.4605,1.46345,0.1855,0.18035,0.0891,0.0704,18670.0,2
26,100,700,823,22098,0.000725,1.462,1.4630999999999998,0.17915,0.18035,0.1157,0.0699,18670.0,2
26,100,800,823,22198,0.000725,1.4625,1.46285,0.18225,0.1802,0.1127,0.07,18670.0,2
27,100,0,823,22221,0.000725,2.01345,2.01345,0.18055,0.18055,0.0721,0.0721,18670.0,2
27,100,100,823,22321,0.000725,1.45885,1.4661,0.18109999999999998,0.179,0.0506,0.0633,18670.0,2
27,100,200,823,22421,0.000725,1.4615,1.4635,0.18265,0.17895,0.0548,0.068,18670.0,2
27,100,300,823,22521,0.000725,1.46,1.4626,0.17625,0.17880000000000001,0.0478,0.0692,18670.0,2
27,100,400,823,22621,0.000725,1.4613,1.462,0.17905,0.1785,0.0879,0.0698,18670.0,2
27,100,500,823,22721,0.000725,1.46,1.4618,0.17595,0.17845,0.0463,0.0703,18670.0,2
27,100,600,823,22821,0.000725,1.4591,1.4615,0.17814999999999998,0.17835,0.1218,0.0704,18670.0,2
27,100,700,823,22921,0.000725,1.4593,1.4614,0.1754,0.17825000000000002,0.0506,0.0696,18670.0,2
27,100,800,823,23021,0.000725,1.4613,1.4613,0.17770000000000002,0.1782,0.0974,0.0696,18670.0,2
28,100,0,823,23044,0.000725,2.03395,2.03395,0.179,0.179,0.0822,0.0822,18670.0,2
28,100,100,823,23144,0.000725,1.4611,1.4663,0.17615,0.17735,0.0469,0.0707,18670.0,2
28,100,200,823,23244,0.000725,1.461,1.4637,0.17205,0.17704999999999999,0.0433,0.0669,18670.0,2
28,100,300,823,23344,0.000725,1.4594,1.4628,0.17670000000000002,0.17675000000000002,0.0656,0.0666,18670.0,2
28,100,400,823,23444,0.000725,1.4607,1.4625,0.17925000000000002,0.17670000000000002,0.0876,0.0674,18670.0,2
28,100,500,823,23544,0.000725,1.4608500000000002,1.4624,0.17535,0.17665,0.0436,0.0681,18670.0,2
28,100,600,823,23644,0.000725,1.4616500000000001,1.4623,0.1744,0.1766,0.0445,0.0675,18670.0,2
28,100,700,823,23744,0.000725,1.4614,1.4621,0.174,0.17654999999999998,0.0509,0.0675,18670.0,2
28,100,800,823,23844,0.000725,1.46,1.4621,0.17880000000000001,0.1764,0.0725,0.0672,18670.0,2
29,100,0,823,23867,0.000725,2.00805,2.00805,0.17354999999999998,0.17354999999999998,0.107,0.107,18670.0,2
29,100,100,823,23967,0.000725,1.461,1.4657,0.1714,0.1756,0.0629,0.0688,18670.0,2
29,100,200,823,24067,0.000725,1.4616,1.4636,0.18035,0.1755,0.0549,0.0659,18670.0,2
29,100,300,823,24167,0.000725,1.4608,1.4629,0.17465,0.1753,0.0938,0.0638,18670.0,2
29,100,400,823,24267,0.000725,1.4605,1.4627,0.17285,0.17515,0.0431,0.0654,18670.0,2
29,100,500,823,24367,0.000725,1.4629,1.4626,0.17905,0.17504999999999998,0.06,0.0651,18670.0,2
29,100,600,823,24467,0.000725,1.4621,1.4625,0.17785,0.1749,0.0655,0.0662,18670.0,2
29,100,700,823,24567,0.000725,1.4624,1.4624,0.17415,0.1748,0.0668,0.0666,18670.0,2
29,100,800,823,24667,0.000725,1.4631500000000002,1.4624,0.1778,0.17475,0.0614,0.0674,18670.0,2
30,100,0,823,24690,0.000725,2.0438,2.0438,0.17435,0.17435,0.0558,0.0558,18670.0,2
30,100,100,823,24790,0.000725,1.4631,1.4676,0.17270000000000002,0.1735,0.0382,0.0654,18670.0,2
30,100,200,823,24890,0.000725,1.4636,1.4649,0.16949999999999998,0.17325000000000002,0.0527,0.0654,18670.0,2
30,100,300,823,24990,0.000725,1.4649,1.4645,0.1765,0.1734,0.0597,0.064,18670.0,2
30,100,400,823,25090,0.000725,1.46155,1.4642,0.1739,0.17325000000000002,0.0491,0.0631,18670.0,2
30,100,500,823,25190,0.000725,1.4641,1.4639,0.18445,0.17475000000000002,0.0821,0.0822,18670.0,2
30,100,600,823,25290,0.000725,1.4618,1.4635,0.1745,0.1745,0.0668,0.0781,18670.0,2
30,100,700,823,25390,0.000725,1.4626,1.4633,0.1753,0.1742,0.0898,0.0753,18670.0,2
30,100,800,823,25490,0.000725,1.4621,1.4631,0.176,0.174,0.0523,0.0735,18670.0,2
31,100,0,823,25513,0.000725,2.5125,2.5125,0.1714,0.1714,0.0703,0.0703,18670.0,2
31,100,100,823,25613,0.000725,1.4628,1.4720499999999999,0.17685,0.17205,0.0694,0.0596,18670.0,2
31,100,200,823,25713,0.000725,1.4625,1.4672,0.16965,0.17195,0.0355,0.0585,18670.0,2
31,100,300,823,25813,0.000725,1.4616,1.46555,0.17175,0.17185,0.0566,0.0576,18670.0,2
31,100,400,823,25913,0.000725,1.4622,1.46475,0.1696,0.17165000000000002,0.0668,0.0592,18670.0,2
31,100,500,823,26013,0.000725,1.462,1.46415,0.1689,0.17170000000000002,0.0556,0.0592,18670.0,2
31,100,600,823,26113,0.000725,1.4596,1.46375,0.1693,0.17170000000000002,0.0599,0.0612,18670.0,2
31,100,700,823,26213,0.000725,1.4611,1.4634999999999998,0.17225000000000001,0.17149999999999999,0.0545,0.0609,18670.0,2
31,100,800,823,26313,0.000725,1.4611,1.46325,0.1717,0.17154999999999998,0.086,0.0613,18670.0,2
32,100,0,823,26336,0.000725,1.98265,1.98265,0.17215000000000003,0.17215000000000003,0.0572,0.0572,18670.0,2
32,100,100,823,26436,0.000725,1.4614500000000001,1.4661,0.16895,0.17095,0.0978,0.0529,18670.0,2
32,100,200,823,26536,0.000725,1.4583,1.46345,0.16925,0.1709,0.0353,0.0562,18670.0,2
32,100,300,823,26636,0.000725,1.4598,1.4625,0.17254999999999998,0.17085,0.052,0.0561,18670.0,2
32,100,400,823,26736,0.000725,1.4609,1.4618,0.17315,0.1707,0.0717,0.0576,18670.0,2
32,100,500,823,26836,0.000725,1.4644,1.4619,0.1711,0.17065,0.0592,0.0587,18670.0,2
32,100,600,823,26936,0.000725,1.4656,1.4622,0.1699,0.17055,0.062,0.0596,18670.0,2
32,100,700,823,27036,0.000725,1.463,1.4623,0.16995,0.17045,0.0442,0.0597,18670.0,2
32,100,800,823,27136,0.000725,1.4605,1.4623,0.1708,0.17045,0.0916,0.0607,18670.0,2
33,100,0,823,27159,0.000725,2.0053,2.0053,0.1678,0.1678,0.0437,0.0437,18670.0,2
33,100,100,823,27259,0.000725,1.4641,1.4674,0.1698,0.1698,0.0604,0.0608,18670.0,2
33,100,200,823,27359,0.000725,1.46115,1.46495,0.17205,0.1697,0.0651,0.0583,18670.0,2
33,100,300,823,27459,0.000725,1.4618,1.4641,0.1728,0.16955,0.0632,0.0574,18670.0,2
33,100,400,823,27559,0.000725,1.46275,1.4636,0.17049999999999998,0.16949999999999998,0.0485,0.0584,18670.0,2
33,100,500,823,27659,0.000725,1.4601,1.4632,0.16635,0.1694,0.0521,0.0582,18670.0,2
33,100,600,823,27759,0.000725,1.4598,1.4629,0.16705,0.16935,0.0632,0.0586,18670.0,2
33,100,700,823,27859,0.000725,1.4615,1.4627,0.1714,0.16935,0.056,0.059,18670.0,2
33,100,800,823,27959,0.000725,1.463,1.4625,0.16915,0.16920000000000002,0.0501,0.0592,18670.0,2
34,100,0,823,27982,0.000725,1.96365,1.96365,0.17175,0.17175,0.0761,0.0761,18670.0,2
34,100,100,823,28082,0.000725,1.4613,1.4668,0.17195,0.16849999999999998,0.0643,0.0616,18670.0,2
34,100,200,823,28182,0.000725,1.4612,1.4643,0.16535,0.1684,0.0446,0.0589,18670.0,2
34,100,300,823,28282,0.000725,1.4628,1.4635,0.1686,0.16835,0.0495,0.0613,18670.0,2
34,100,400,823,28382,0.000725,1.461,1.4631,0.16775,0.16835,0.0411,0.0602,18670.0,2
34,100,500,823,28482,0.000725,1.46185,1.4628,0.16770000000000002,0.16835,0.048,0.0612,18670.0,2
34,100,600,823,28582,0.000725,1.4609,1.4625,0.1702,0.1683,0.0362,0.0624,18670.0,2
34,100,700,823,28682,0.000725,1.4609,1.4624,0.16585,0.1683,0.0375,0.0613,18670.0,2
34,100,800,823,28782,0.000725,1.4593,1.4622,0.16610000000000003,0.16820000000000002,0.0363,0.0609,18670.0,2
35,100,0,823,28805,0.000725,2.0256499999999997,2.0256499999999997,0.17315,0.17315,0.0321,0.0321,18670.0,2
35,100,100,823,28905,0.000725,1.4646,1.4674,0.1673,0.16770000000000002,0.0702,0.0605,18670.0,2
35,100,200,823,29005,0.000725,1.4644,1.4661,0.16515000000000002,0.16785,0.0406,0.0593,18670.0,2
35,100,300,823,29105,0.000725,1.4634,1.4654,0.17125,0.1678,0.0618,0.0595,18670.0,2
35,100,400,823,29205,0.000725,1.4621,1.4648,0.16795,0.16755,0.0647,0.0611,18670.0,2
35,100,500,823,29305,0.000725,1.4625,1.4644,0.16605,0.16735,0.0835,0.0609,18670.0,2
35,100,600,823,29405,0.000725,1.4566,1.4637,0.8364499999999999,0.22225,0.0142,0.0777,18670.0,2
35,100,700,823,29505,0.000725,1.4578,1.4626,0.83705,0.31005,0.0181,0.0681,18670.0,2
35,100,800,823,29605,0.000725,1.4604,1.462,0.8364,0.3757,0.075,0.0627,18670.0,2
36,100,0,823,29628,0.000725,2.53925,2.53925,0.8424499999999999,0.8424499999999999,0.0479,0.0479,18670.0,2
36,100,100,823,29728,0.000725,1.458,1.4681,0.8360000000000001,0.8386499999999999,0.0262,0.0992,18670.0,2
36,100,200,823,29828,0.000725,1.4570500000000002,1.4625,0.8362499999999999,0.8385,0.0061,0.0549,18670.0,2
36,100,300,823,29928,0.000725,1.4587,1.4608500000000002,0.8095,0.83695,0.1008,0.0505,18670.0,2
36,100,400,823,30028,0.000725,1.4592,1.46015,0.8097,0.83505,0.533,0.0729,18670.0,2
36,100,500,823,30128,0.000725,1.4612500000000002,1.46015,0.4937,0.7897,0.1285,0.1203,18670.0,2
36,100,600,823,30228,0.000725,1.463,1.4603000000000002,0.4063,0.73155,0.1602,0.133,18670.0,2
36,100,700,823,30328,0.000725,1.4612,1.4604,0.3254,0.67855,0.1011,0.1381,18670.0,2
36,100,800,823,30428,0.000725,1.461,1.46045,0.29590000000000005,0.6328,0.2093,0.1421,18670.0,2
37,100,0,823,30451,0.000725,1.99685,1.99685,0.2903,0.2903,0.1702,0.1702,18670.0,2
37,100,100,823,30551,0.000725,1.4606,1.465,0.2681,0.2763,0.1692,0.1616,18670.0,2
37,100,200,823,30651,0.000725,1.4601,1.4627,0.2424,0.26635,0.0701,0.1496,18670.0,2
37,100,300,823,30751,0.000725,1.4625,1.4621,0.2288,0.25734999999999997,0.0856,0.1479,18670.0,2
37,100,400,823,30851,0.000725,1.4643,1.4623,0.21875,0.2489,0.1744,0.1472,18670.0,2
37,100,500,823,30951,0.000725,1.462,1.4626,0.20325,0.2405,0.1699,0.1451,18670.0,2
37,100,600,823,31051,0.000725,1.4621,1.4627,0.18685,0.2328,0.0609,0.1414,18670.0,2
37,100,700,823,31151,0.000725,1.4615,1.4627,0.18315,0.2259,0.1376,0.1363,18670.0,2
37,100,800,823,31251,0.000725,1.4631,1.4627,0.1759,0.2201,0.0762,0.1323,18670.0,2
38,100,0,823,31274,0.000725,1.9649,1.9649,0.17915,0.17915,0.1101,0.1101,18670.0,2
38,100,100,823,31374,0.000725,1.4627,1.4678,0.17335,0.17585,0.0678,0.0966,18670.0,2
38,100,200,823,31474,0.000725,1.4627,1.4655,0.1729,0.17504999999999998,0.0837,0.0903,18670.0,2
38,100,300,823,31574,0.000725,1.4615,1.4646,0.167,0.17435,0.0755,0.0888,18670.0,2
38,100,400,823,31674,0.000725,1.4621499999999998,1.4641,0.17225000000000001,0.17375000000000002,0.0625,0.0848,18670.0,2
38,100,500,823,31774,0.000725,1.4612,1.4636,0.17075,0.17315,0.045,0.0825,18670.0,2
38,100,600,823,31874,0.000725,1.4624,1.4633,0.1742,0.17275000000000001,0.0566,0.0813,18670.0,2
38,100,700,823,31974,0.000725,1.4604,1.463,0.17305,0.17235,0.045,0.0797,18670.0,2
38,100,800,823,32074,0.000725,1.4593,1.4627,0.1707,0.172,0.1088,0.0793,18670.0,2
39,100,0,823,32097,0.000725,2.02705,2.02705,0.1698,0.1698,0.0478,0.0478,18670.0,2
39,100,100,823,32197,0.000725,1.4597,1.4652,0.1709,0.16915000000000002,0.0705,0.0703,18670.0,2
39,100,200,823,32297,0.000725,1.4628,1.4627,0.16625,0.1689,0.061,0.0684,18670.0,2
39,100,300,823,32397,0.000725,1.4601,1.4619,0.16605,0.16854999999999998,0.0788,0.0687,18670.0,2
39,100,400,823,32497,0.000725,1.4617,1.4616,0.17195,0.1685,0.107,0.0683,18670.0,2
39,100,500,823,32597,0.000725,1.4611,1.4615,0.16965,0.16845,0.0396,0.0675,18670.0,2
39,100,600,823,32697,0.000725,1.4593,1.46135,0.17015,0.16835,0.053,0.0665,18670.0,2
39,100,700,823,32797,0.000725,1.4622,1.4612,0.17095,0.16825,0.0647,0.0659,18670.0,2
39,100,800,823,32897,0.000725,1.4593,1.4611,0.1669,0.16815,0.0673,0.0662,18670.0,2
40,100,0,823,32920,0.000725,2.0012,2.0012,0.1645,0.1645,0.0417,0.0417,18670.0,2
40,100,100,823,33020,0.000725,1.4604,1.4649,0.16555,0.1674,0.0574,0.0674,18670.0,2
40,100,200,823,33120,0.000725,1.4604,1.4623,0.1696,0.1673,0.0559,0.0663,18670.0,2
40,100,300,823,33220,0.000725,1.4615,1.4619,0.17015,0.16725,0.074,0.0663,18670.0,2
40,100,400,823,33320,0.000725,1.4636,1.462,0.16695,0.16715,0.0504,0.0649,18670.0,2
40,100,500,823,33420,0.000725,1.4585,1.462,0.1678,0.1672,0.0686,0.0647,18670.0,2
40,100,600,823,33520,0.000725,1.4622,1.4619,0.1627,0.167,0.0549,0.0637,18670.0,2
40,100,700,823,33620,0.000725,1.4608,1.4619,0.16835,0.16695,0.0495,0.0634,18670.0,2
40,100,800,823,33720,0.000725,1.4616,1.4619,0.1689,0.16685,0.0505,0.0624,18670.0,2
41,100,0,823,33743,0.000725,2.56135,2.56135,0.1688,0.1688,0.0922,0.0922,18670.0,2
41,100,100,823,33843,0.000725,1.4594,1.472,0.16820000000000002,0.16665000000000002,0.0539,0.0622,18670.0,2
41,100,200,823,33943,0.000725,1.4604,1.46685,0.16599999999999998,0.16665,0.0542,0.0626,18670.0,2
41,100,300,823,34043,0.000725,1.4618,1.465,0.16875,0.1663,0.0593,0.0618,18670.0,2
41,100,400,823,34143,0.000725,1.461,1.4642499999999998,0.16670000000000001,0.16605,0.0888,0.06,18670.0,2
41,100,500,823,34243,0.000725,1.4602,1.46365,0.16535,0.166,0.0528,0.0596,18670.0,2
41,100,600,823,34343,0.000725,1.4609,1.46325,0.16760000000000003,0.1659,0.0858,0.0588,18670.0,2
41,100,700,823,34443,0.000725,1.4639,1.463,0.16885,0.16585,0.0905,0.0582,18670.0,2
41,100,800,823,34543,0.000725,1.4627,1.46305,0.16595,0.1658,0.0818,0.0588,18670.0,2
42,100,0,823,34566,0.000725,1.98035,1.98035,0.1633,0.1633,0.0614,0.0614,18670.0,2
42,100,100,823,34666,0.000725,1.4625,1.4671,0.1633,0.1652,0.062,0.0598,18670.0,2
42,100,200,823,34766,0.000725,1.4632,1.4645,0.16775,0.16510000000000002,0.0442,0.0601,18670.0,2
42,100,300,823,34866,0.000725,1.4615,1.4635500000000001,0.16804999999999998,0.16515000000000002,0.0656,0.0585,18670.0,2
42,100,400,823,34966,0.000725,1.4624,1.463,0.168,0.16515000000000002,0.0738,0.0571,18670.0,2
42,100,500,823,35066,0.000725,1.4611,1.4627,0.16535,0.16515000000000002,0.0344,0.057,18670.0,2
42,100,600,823,35166,0.000725,1.4598,1.4624,0.16405,0.1651,0.0919,0.0589,18670.0,2
42,100,700,823,35266,0.000725,1.4621,1.4622,0.16175,0.16515000000000002,0.0424,0.0582,18670.0,2
42,100,800,823,35366,0.000725,1.4621,1.4621,0.1639,0.16510000000000002,0.0386,0.0579,18670.0,2
43,100,0,823,35389,0.000725,2.0029000000000003,2.0029000000000003,0.16875,0.16875,0.031,0.031,18670.0,2
43,100,100,823,35489,0.000725,1.4636,1.4688,0.1721,0.1641,0.0487,0.0542,18670.0,2
43,100,200,823,35589,0.000725,1.4626,1.4659,0.16305,0.1642,0.0525,0.0533,18670.0,2
43,100,300,823,35689,0.000725,1.4585,1.4645,0.16665,0.1643,0.0577,0.0534,18670.0,2
43,100,400,823,35789,0.000725,1.4629,1.4639,0.1602,0.1643,0.0464,0.0535,18670.0,2
43,100,500,823,35889,0.000725,1.4635,1.4639,0.1617,0.1644,0.0305,0.0539,18670.0,2
43,100,600,823,35989,0.000725,1.464,1.464,0.16799999999999998,0.16435,0.0692,0.0545,18670.0,2
43,100,700,823,36089,0.000725,1.4612,1.4639,0.1647,0.16435,0.0585,0.0549,18670.0,2
43,100,800,823,36189,0.000725,1.4632,1.4637,0.1652,0.16435,0.0619,0.0553,18670.0,2
44,100,0,823,36212,0.000725,2.05525,2.05525,0.16449999999999998,0.16449999999999998,0.0408,0.0408,18670.0,2
44,100,100,823,36312,0.000725,1.4622,1.4674,0.16449999999999998,0.1638,0.0485,0.0525,18670.0,2
44,100,200,823,36412,0.000725,1.4629,1.4644499999999998,0.16494999999999999,0.1642,0.0358,0.0541,18670.0,2
44,100,300,823,36512,0.000725,1.4608500000000002,1.4635,0.16735,0.1641,0.0465,0.0541,18670.0,2
44,100,400,823,36612,0.000725,1.4642,1.4631,0.1649,0.16394999999999998,0.0436,0.0543,18670.0,2
44,100,500,823,36712,0.000725,1.4625499999999998,1.463,0.1632,0.1639,0.0392,0.0554,18670.0,2
44,100,600,823,36812,0.000725,1.4619499999999999,1.4629,0.16235,0.1638,0.0388,0.0545,18670.0,2
44,100,700,823,36912,0.000725,1.4624,1.4628,0.16425,0.16375,0.0532,0.0534,18670.0,2
44,100,800,823,37012,0.000725,1.4604,1.4627,0.16355,0.16365000000000002,0.0668,0.054,18670.0,2
45,100,0,823,37035,0.000725,2.02805,2.02805,0.16005,0.16005,0.0502,0.0502,18670.0,2
45,100,100,823,37135,0.000725,1.4603,1.466,0.1634,0.1639,0.0509,0.0564,18670.0,2
45,100,200,823,37235,0.000725,1.4609,1.4631,0.1678,0.1637,0.0373,0.0539,18670.0,2
45,100,300,823,37335,0.000725,1.4622,1.463,0.16215000000000002,0.16335,0.0467,0.0519,18670.0,2
45,100,400,823,37435,0.000725,1.4614,1.4628,0.1643,0.16335,0.0645,0.053,18670.0,2
45,100,500,823,37535,0.000725,1.4598,1.4625,0.15805000000000002,0.16310000000000002,0.042,0.053,18670.0,2
45,100,600,823,37635,0.000725,1.4612,1.4621,0.16335,0.16310000000000002,0.0429,0.0523,18670.0,2
45,100,700,823,37735,0.000725,1.4628,1.4621,0.16025,0.16310000000000002,0.0404,0.0531,18670.0,2
45,100,800,823,37835,0.000725,1.462,1.4622,0.16405,0.16310000000000002,0.1054,0.0535,18670.0,2
46,100,0,823,37858,0.000725,2.5219,2.5219,0.16665000000000002,0.16665000000000002,0.0421,0.0421,18670.0,2
46,100,100,823,37958,0.000725,1.4618,1.4717500000000001,0.16505,0.1628,0.0762,0.0542,18670.0,2
46,100,200,823,38058,0.000725,1.4619,1.4663,0.1594,0.1627,0.0512,0.0521,18670.0,2
46,100,300,823,38158,0.000725,1.4624,1.4645,0.158,0.16275,0.0624,0.0545,18670.0,2
46,100,400,823,38258,0.000725,1.4597,1.4635,0.16344999999999998,0.1626,0.0554,0.0543,18670.0,2
46,100,500,823,38358,0.000725,1.4605,1.46295,0.15935,0.1627,0.0636,0.0545,18670.0,2
46,100,600,823,38458,0.000725,1.4600499999999998,1.46245,0.1588,0.16265000000000002,0.0392,0.0545,18670.0,2
46,100,700,823,38558,0.000725,1.4607,1.46205,0.15785,0.16255,0.0326,0.0539,18670.0,2
46,100,800,823,38658,0.000725,1.46,1.4617499999999999,0.16035,0.16249999999999998,0.0353,0.0535,18670.0,2
47,100,0,823,38681,0.000725,1.9668999999999999,1.9668999999999999,0.16225,0.16225,0.0434,0.0434,18670.0,2
47,100,100,823,38781,0.000725,1.4602,1.4667,0.16115,0.1623,0.0378,0.0551,18670.0,2
47,100,200,823,38881,0.000725,1.45975,1.4634,0.16205,0.16194999999999998,0.0572,0.0546,18670.0,2
47,100,300,823,38981,0.000725,1.4606,1.4621,0.16175,0.16199999999999998,0.0468,0.0557,18670.0,2
47,100,400,823,39081,0.000725,1.4596,1.4614,0.16605,0.162,0.084,0.0536,18670.0,2
47,100,500,823,39181,0.000725,1.4601,1.4612,0.16315000000000002,0.16215000000000002,0.0449,0.0553,18670.0,2
47,100,600,823,39281,0.000725,1.4604,1.4611,0.16260000000000002,0.16205,0.0934,0.0546,18670.0,2
47,100,700,823,39381,0.000725,1.4616,1.461,0.15885,0.162,0.0521,0.0537,18670.0,2
47,100,800,823,39481,0.000725,1.4595,1.4609,0.15765,0.16194999999999998,0.0402,0.0526,18670.0,2
48,100,0,823,39504,0.000725,2.0673500000000002,2.0673500000000002,0.1612,0.1612,0.0504,0.0504,18670.0,2
48,100,100,823,39604,0.000725,1.4608,1.4663,0.1637,0.16149999999999998,0.0536,0.0479,18670.0,2
48,100,200,823,39704,0.000725,1.46,1.4631,0.1585,0.16155,0.0396,0.0498,18670.0,2
48,100,300,823,39804,0.000725,1.4593,1.4619,0.1625,0.16155,0.0472,0.0509,18670.0,2
48,100,400,823,39904,0.000725,1.4597,1.4613,0.16255,0.16155,0.0894,0.0505,18670.0,2
48,100,500,823,40004,0.000725,1.4649,1.4614,0.15825,0.16144999999999998,0.0362,0.0516,18670.0,2
48,100,600,823,40104,0.000725,1.4624,1.4616,0.15615,0.16135,0.1129,0.051,18670.0,2
48,100,700,823,40204,0.000725,1.4608,1.4616,0.16305,0.16135,0.05,0.0517,18670.0,2
48,100,800,823,40304,0.000725,1.4625,1.4615,0.1627,0.1612,0.0425,0.0512,18670.0,2
49,100,0,823,40327,0.000725,2.0586,2.0586,0.16249999999999998,0.16249999999999998,0.0611,0.0611,18670.0,2
49,100,100,823,40427,0.000725,1.45965,1.4662,0.16299999999999998,0.16075,0.0453,0.0455,18670.0,2
49,100,200,823,40527,0.000725,1.4617,1.4636,0.15755,0.1609,0.0638,0.0452,18670.0,2
49,100,300,823,40627,0.000725,1.4621499999999998,1.4629,0.1588,0.16110000000000002,0.0685,0.0479,18670.0,2
49,100,400,823,40727,0.000725,1.46095,1.4625,0.15915,0.1609,0.0496,0.0493,18670.0,2
49,100,500,823,40827,0.000725,1.4608,1.4623,0.15785,0.16085,0.0457,0.0496,18670.0,2
49,100,600,823,40927,0.000725,1.4613,1.462,0.1565,0.16085,0.0347,0.0503,18670.0,2
49,100,700,823,41027,0.000725,1.4606,1.4619,0.1598,0.16085,0.064,0.051,18670.0,2
49,100,800,823,41127,0.000725,1.4599,1.4617,0.15515,0.1608,0.0522,0.0509,18670.0,2
50,100,0,823,41150,0.000725,1.97255,1.97255,0.1577,0.1577,0.041,0.041,18670.0,2
50,100,100,823,41250,0.000725,1.4602,1.4647,0.1617,0.16049999999999998,0.035,0.0548,18670.0,2
50,100,200,823,41350,0.000725,1.4613,1.4624,0.16010000000000002,0.16065000000000002,0.0318,0.0522,18670.0,2
50,100,300,823,41450,0.000725,1.463,1.4622,0.15689999999999998,0.16049999999999998,0.0752,0.0511,18670.0,2
50,100,400,823,41550,0.000725,1.4617,1.462,0.1587,0.16055,0.0494,0.0513,18670.0,2
50,100,500,823,41650,0.000725,1.4594,1.4616,0.15899999999999997,0.16045,0.0835,0.051,18670.0,2
50,100,600,823,41750,0.000725,1.4598,1.4613,0.15815,0.1603,0.087,0.0512,18670.0,2
50,100,700,823,41850,0.000725,1.4559,1.4609,0.5363,0.18275000000000002,0.2588,0.0857,18670.0,2
50,100,800,823,41950,0.000725,1.4599,1.4606,0.2781,0.21055,0.1143,0.0991,18670.0,2
51,100,0,823,41973,0.000725,2.52925,2.52925,0.25329999999999997,0.25329999999999997,0.347,0.347,18670.0,2
51,100,100,823,42073,0.000725,1.4615,1.4713,0.18075,0.19595,0.1085,0.1131,18670.0,2
51,100,200,823,42173,0.000725,1.4597,1.4663,0.16249999999999998,0.18380000000000002,0.0672,0.0963,18670.0,2
51,100,300,823,42273,0.000725,1.4601,1.46435,0.16695,0.1779,0.0806,0.0906,18670.0,2
51,100,400,823,42373,0.000725,1.4593,1.46325,0.1641,0.17445,0.0968,0.0855,18670.0,2
51,100,500,823,42473,0.000725,1.4602,1.46245,0.1617,0.17204999999999998,0.1096,0.0813,18670.0,2
51,100,600,823,42573,0.000725,1.4595,1.4620000000000002,0.1642,0.17035,0.044,0.0799,18670.0,2
51,100,700,823,42673,0.000725,1.4594,1.4616500000000001,0.1586,0.1691,0.0855,0.0769,18670.0,2
51,100,800,823,42773,0.000725,1.464,1.4617,0.15889999999999999,0.16805,0.0416,0.0749,18670.0,2
52,100,0,823,42796,0.000725,1.9533,1.9533,0.16049999999999998,0.16049999999999998,0.0707,0.0707,18670.0,2
52,100,100,823,42896,0.000725,1.461,1.4663499999999998,0.16570000000000001,0.1608,0.0439,0.0549,18670.0,2
52,100,200,823,42996,0.000725,1.4607,1.46325,0.1642,0.1606,0.0437,0.0558,18670.0,2
52,100,300,823,43096,0.000725,1.4607,1.462,0.15635,0.16025,0.0624,0.0554,18670.0,2
52,100,400,823,43196,0.000725,1.4596,1.4614,0.16015000000000001,0.16015000000000001,0.0498,0.0562,18670.0,2
52,100,500,823,43296,0.000725,1.4608,1.4611,0.15760000000000002,0.16015000000000001,0.03,0.0552,18670.0,2
52,100,600,823,43396,0.000725,1.4601,1.461,0.15745,0.15999999999999998,0.0485,0.0547,18670.0,2
52,100,700,823,43496,0.000725,1.4599,1.4608,0.1537,0.1599,0.0436,0.0548,18670.0,2
52,100,800,823,43596,0.000725,1.4609,1.4606,0.15735,0.15985,0.057,0.0549,18670.0,2
53,100,0,823,43619,0.000725,2.0648,2.0648,0.1613,0.1613,0.0409,0.0409,18670.0,2
53,100,100,823,43719,0.000725,1.4599,1.4656,0.1595,0.15949999999999998,0.0585,0.0518,18670.0,2
53,100,200,823,43819,0.000725,1.4598,1.4627,0.16185,0.15944999999999998,0.0663,0.0507,18670.0,2
53,100,300,823,43919,0.000725,1.4607,1.4617,0.15760000000000002,0.15935,0.0417,0.051,18670.0,2
53,100,400,823,44019,0.000725,1.4593,1.4612,0.16660000000000003,0.1593,0.0707,0.0518,18670.0,2
53,100,500,823,44119,0.000725,1.4596,1.4609,0.15825,0.15915,0.0323,0.0531,18670.0,2
53,100,600,823,44219,0.000725,1.4606,1.4609,0.15905,0.15910000000000002,0.0296,0.053,18670.0,2
53,100,700,823,44319,0.000725,1.4616,1.4608,0.1608,0.15910000000000002,0.0845,0.0537,18670.0,2
53,100,800,823,44419,0.000725,1.4633,1.4609,0.15535,0.15905,0.0676,0.0534,18670.0,2
54,100,0,823,44442,0.000725,2.01105,2.01105,0.1602,0.1602,0.0358,0.0358,18670.0,2
54,100,100,823,44542,0.000725,1.461,1.4665,0.15839999999999999,0.1588,0.0324,0.0491,18670.0,2
54,100,200,823,44642,0.000725,1.459,1.46365,0.1604,0.15875,0.0706,0.0511,18670.0,2
54,100,300,823,44742,0.000725,1.4608,1.4627,0.15805000000000002,0.15865,0.0654,0.0499,18670.0,2
54,100,400,823,44842,0.000725,1.4613,1.4621,0.15645,0.1587,0.0335,0.0491,18670.0,2
54,100,500,823,44942,0.000725,1.4612,1.46185,0.15665,0.1587,0.0356,0.0493,18670.0,2
54,100,600,823,45042,0.000725,1.4621,1.4617,0.15955,0.1587,0.0437,0.0496,18670.0,2
54,100,700,823,45142,0.000725,1.4589,1.4615,0.1563,0.15865,0.0805,0.0495,18670.0,2
54,100,800,823,45242,0.000725,1.4616,1.4612,0.1544,0.15860000000000002,0.0562,0.0497,18670.0,2
55,100,0,823,45265,0.000725,1.9963,1.9963,0.158,0.158,0.0561,0.0561,18670.0,2
55,100,100,823,45365,0.000725,1.4586,1.4649,0.1608,0.159,0.0712,0.0507,18670.0,2
55,100,200,823,45465,0.000725,1.4591,1.4622,0.155,0.1588,0.0326,0.0505,18670.0,2
55,100,300,823,45565,0.000725,1.4596,1.4613,0.15455000000000002,0.15875,0.0441,0.0518,18670.0,2
55,100,400,823,45665,0.000725,1.4632,1.4613,0.1628,0.15865,0.0664,0.0498,18670.0,2
55,100,500,823,45765,0.000725,1.4612,1.4615,0.1558,0.15865,0.0638,0.0499,18670.0,2
55,100,600,823,45865,0.000725,1.4593,1.4613,0.1609,0.15865,0.0589,0.0502,18670.0,2
55,100,700,823,45965,0.000725,1.4592,1.4611,0.1588,0.15865,0.0413,0.051,18670.0,2
55,100,800,823,46065,0.000725,1.4601,1.4609,0.156,0.15865,0.0411,0.0505,18670.0,2
56,100,0,823,46088,0.000725,2.55165,2.55165,0.15945,0.15945,0.0411,0.0411,18670.0,2
56,100,100,823,46188,0.000725,1.4598,1.46955,0.15865,0.1585,0.0353,0.0525,18670.0,2
56,100,200,823,46288,0.000725,1.4591,1.4647000000000001,0.16044999999999998,0.15835,0.0337,0.0499,18670.0,2
56,100,300,823,46388,0.000725,1.461,1.4631,0.15915,0.15839999999999999,0.0558,0.0494,18670.0,2
56,100,400,823,46488,0.000725,1.4627,1.46275,0.1628,0.15835,0.057,0.0503,18670.0,2
56,100,500,823,46588,0.000725,1.4605,1.46255,0.15635,0.15844999999999998,0.0364,0.0503,18670.0,2
56,100,600,823,46688,0.000725,1.4617,1.46235,0.15925,0.15844999999999998,0.0351,0.0504,18670.0,2
56,100,700,823,46788,0.000725,1.4598,1.4620000000000002,0.15845,0.15845,0.0382,0.051,18670.0,2
56,100,800,823,46888,0.000725,1.4604,1.4618,0.15510000000000002,0.15845,0.0419,0.051,18670.0,2
57,100,0,823,46911,0.000725,2.0387,2.0387,0.16344999999999998,0.16344999999999998,0.0785,0.0785,18670.0,2
57,100,100,823,47011,0.000725,1.4628,1.4658,0.15385,0.15860000000000002,0.0762,0.0561,18670.0,2
57,100,200,823,47111,0.000725,1.4617,1.4640499999999999,0.15885,0.15839999999999999,0.0472,0.0565,18670.0,2
57,100,300,823,47211,0.000725,1.4614,1.4634,0.1617,0.15825,0.0484,0.0544,18670.0,2
57,100,400,823,47311,0.000725,1.4624,1.4629,0.15935,0.1583,0.0402,0.0526,18670.0,2
57,100,500,823,47411,0.000725,1.4604,1.4625,0.15739999999999998,0.15825,0.039,0.0513,18670.0,2
57,100,600,823,47511,0.000725,1.4611,1.4621,0.1563,0.1582,0.0271,0.0512,18670.0,2
57,100,700,823,47611,0.000725,1.4607,1.4619,0.15865,0.1582,0.0289,0.0509,18670.0,2
57,100,800,823,47711,0.000725,1.4621,1.4619,0.15605000000000002,0.15815,0.0543,0.0506,18670.0,2
58,100,0,823,47734,0.000725,2.0543,2.0543,0.1531,0.1531,0.0515,0.0515,18670.0,2
58,100,100,823,47834,0.000725,1.4628,1.4667,0.15615,0.158,0.112,0.055,18670.0,2
58,100,200,823,47934,0.000725,1.4613,1.4641,0.15925,0.15805,0.0351,0.0507,18670.0,2
58,100,300,823,48034,0.000725,1.46,1.4628,0.15815,0.15789999999999998,0.0371,0.049,18670.0,2
58,100,400,823,48134,0.000725,1.4589,1.4621,0.15539999999999998,0.15795,0.0461,0.0503,18670.0,2
58,100,500,823,48234,0.000725,1.4617499999999999,1.4617,0.1582,0.15794999999999998,0.0568,0.0503,18670.0,2
58,100,600,823,48334,0.000725,1.4613,1.4617,0.16315,0.15795,0.0275,0.0496,18670.0,2
58,100,700,823,48434,0.000725,1.4612,1.4617,0.1587,0.15795,0.0411,0.0499,18670.0,2
58,100,800,823,48534,0.000725,1.462,1.4616,0.1603,0.15794999999999998,0.042,0.0503,18670.0,2
59,100,0,823,48557,0.000725,1.9758499999999999,1.9758499999999999,0.156,0.156,0.0492,0.0492,18670.0,2
59,100,100,823,48657,0.000725,1.4612,1.4656,0.16265000000000002,0.15760000000000002,0.0492,0.0534,18670.0,2
59,100,200,823,48757,0.000725,1.46,1.4632,0.16010000000000002,0.15775,0.0698,0.0521,18670.0,2
59,100,300,823,48857,0.000725,1.4595,1.4624,0.1626,0.15765,0.0333,0.0508,18670.0,2
59,100,400,823,48957,0.000725,1.4599,1.462,0.1585,0.15760000000000002,0.0312,0.0525,18670.0,2
59,100,500,823,49057,0.000725,1.4631500000000002,1.4621,0.15339999999999998,0.15765,0.0396,0.0513,18670.0,2
59,100,600,823,49157,0.000725,1.4649,1.4623499999999998,0.1524,0.15755,0.0354,0.0507,18670.0,2
59,100,700,823,49257,0.000725,1.4635500000000001,1.4624,0.15760000000000002,0.15765,0.0552,0.0513,18670.0,2
59,100,800,823,49357,0.000725,1.4589500000000002,1.4623,0.15715,0.15755,0.0484,0.0502,18670.0,2
60,100,0,823,49380,0.000725,1.96845,1.96845,0.15955,0.15955,0.0375,0.0375,18670.0,2
60,100,100,823,49480,0.000725,1.46,1.466,0.15345,0.157,0.0444,0.0487,18670.0,2
60,100,200,823,49580,0.000725,1.46,1.4635,0.15695,0.157,0.043,0.0496,18670.0,2
60,100,300,823,49680,0.000725,1.4615,1.4625,0.15560000000000002,0.1571,0.0573,0.0492,18670.0,2
60,100,400,823,49780,0.000725,1.4628,1.4626,0.15894999999999998,0.1572,0.0925,0.0481,18670.0,2
60,100,500,823,49880,0.000725,1.4613,1.4626,0.1578,0.1572,0.0463,0.0483,18670.0,2
60,100,600,823,49980,0.000725,1.4621499999999998,1.4624,0.155,0.1572,0.0703,0.0485,18670.0,2
60,100,700,823,50080,0.000725,1.4599,1.4622,0.1604,0.1572,0.0751,0.0487,18670.0,2
60,100,800,823,50180,0.000725,1.4588,1.462,0.15855,0.15715,0.0341,0.0494,18670.0,2
61,100,0,823,50203,0.000725,2.5610999999999997,2.5610999999999997,0.16305,0.16305,0.0403,0.0403,18670.0,2
61,100,100,823,50303,0.000725,1.4593,1.4705499999999998,0.16149999999999998,0.1572,0.0487,0.0531,18670.0,2
61,100,200,823,50403,0.000725,1.4604499999999998,1.46525,0.1609,0.15685,0.0325,0.0514,18670.0,2
61,100,300,823,50503,0.000725,1.4594,1.4635500000000001,0.1591,0.15695,0.071,0.0505,18670.0,2
61,100,400,823,50603,0.000725,1.4602,1.46265,0.1553,0.15705000000000002,0.0421,0.0502,18670.0,2
61,100,500,823,50703,0.000725,1.46115,1.46205,0.15715,0.157,0.0323,0.0499,18670.0,2
61,100,600,823,50803,0.000725,1.4592,1.46165,0.15865,0.15689999999999998,0.1132,0.0494,18670.0,2
61,100,700,823,50903,0.000725,1.4596,1.4613999999999998,0.1542,0.15694999999999998,0.0732,0.0502,18670.0,2
61,100,800,823,51003,0.000725,1.4623,1.46125,0.1534,0.15689999999999998,0.0291,0.0502,18670.0,2
62,100,0,823,51026,0.000725,2.0439499999999997,2.0439499999999997,0.15705,0.15705,0.076,0.076,18670.0,2
62,100,100,823,51126,0.000725,1.46245,1.4677,0.15810000000000002,0.15665,0.0533,0.0491,18670.0,2
62,100,200,823,51226,0.000725,1.4599,1.4646,0.16065000000000002,0.15645,0.0439,0.0505,18670.0,2
62,100,300,823,51326,0.000725,1.4611,1.4634,0.15475,0.15660000000000002,0.0403,0.0501,18670.0,2
62,100,400,823,51426,0.000725,1.4607,1.46275,0.1563,0.1566,0.0454,0.0487,18670.0,2
62,100,500,823,51526,0.000725,1.459,1.4622,0.15485,0.15655,0.0776,0.0491,18670.0,2
62,100,600,823,51626,0.000725,1.46275,1.462,0.15415,0.1565,0.0601,0.0495,18670.0,2
62,100,700,823,51726,0.000725,1.4602,1.4618,0.1521,0.15645,0.0384,0.0496,18670.0,2
62,100,800,823,51826,0.000725,1.4627,1.4617,0.15725,0.15644999999999998,0.0476,0.0494,18670.0,2
63,100,0,823,51849,0.000725,1.95715,1.95715,0.1571,0.1571,0.0314,0.0314,18670.0,2
63,100,100,823,51949,0.000725,1.4604,1.4647,0.15385,0.15610000000000002,0.0765,0.0495,18670.0,2
63,100,200,823,52049,0.000725,1.4595,1.4629,0.1613,0.1562,0.0892,0.0497,18670.0,2
63,100,300,823,52149,0.000725,1.4605,1.4619,0.16165,0.15625,0.0769,0.0521,18670.0,2
63,100,400,823,52249,0.000725,1.4614,1.4615,0.15765,0.15625,0.0592,0.0523,18670.0,2
63,100,500,823,52349,0.000725,1.4603,1.4613,0.1578,0.1563,0.0472,0.0515,18670.0,2
63,100,600,823,52449,0.000725,1.46,1.4611,0.15439999999999998,0.1563,0.0784,0.0507,18670.0,2
63,100,700,823,52549,0.000725,1.4617,1.461,0.1523,0.15625,0.0553,0.0508,18670.0,2
63,100,800,823,52649,0.000725,1.4631,1.4612,0.1527,0.15625,0.0367,0.0503,18670.0,2
64,100,0,823,52672,0.000725,1.99675,1.99675,0.1523,0.1523,0.0439,0.0439,18670.0,2
64,100,100,823,52772,0.000725,1.4595,1.46725,0.15395,0.1554,0.0534,0.048,18670.0,2
64,100,200,823,52872,0.000725,1.46205,1.4641,0.15325,0.15560000000000002,0.0906,0.0494,18670.0,2
64,100,300,823,52972,0.000725,1.46015,1.463,0.1557,0.1557,0.0455,0.0493,18670.0,2
64,100,400,823,53072,0.000725,1.4616,1.4623,0.15485,0.15575,0.0262,0.0488,18670.0,2
64,100,500,823,53172,0.000725,1.46,1.4619,0.1598,0.1558,0.0417,0.0493,18670.0,2
64,100,600,823,53272,0.000725,1.46,1.4616,0.1521,0.1558,0.0572,0.0501,18670.0,2
64,100,700,823,53372,0.000725,1.4616,1.4614,0.1578,0.1559,0.0301,0.0496,18670.0,2
64,100,800,823,53472,0.000725,1.4605,1.4613,0.1507,0.1559,0.0322,0.0498,18670.0,2
65,100,0,823,53495,0.000725,1.9553,1.9553,0.15185,0.15185,0.0388,0.0388,18670.0,2
65,100,100,823,53595,0.000725,1.4597,1.4658,0.15425,0.15525,0.0401,0.0447,18670.0,2
65,100,200,823,53695,0.000725,1.4615,1.4632,0.1543,0.15539999999999998,0.046,0.0458,18670.0,2
65,100,300,823,53795,0.000725,1.4596,1.46205,0.15845,0.15555000000000002,0.0376,0.0484,18670.0,2
65,100,400,823,53895,0.000725,1.4601,1.4615,0.15655,0.1556,0.0568,0.048,18670.0,2
65,100,500,823,53995,0.000725,1.46,1.4611,0.1531,0.1556,0.0557,0.049,18670.0,2
65,100,600,823,54095,0.000725,1.4596,1.4609,0.15475,0.1555,0.0385,0.0488,18670.0,2
65,100,700,823,54195,0.000725,1.4606,1.4607,0.1576,0.1555,0.033,0.0493,18670.0,2
65,100,800,823,54295,0.000725,1.4607,1.4606,0.15715,0.15555,0.0363,0.0492,18670.0,2
66,100,0,823,54318,0.000725,2.5069,2.5069,0.15360000000000001,0.15360000000000001,0.0533,0.0533,18670.0,2
66,100,100,823,54418,0.000725,1.4598,1.46975,0.15510000000000002,0.15544999999999998,0.0368,0.0596,18670.0,2
66,100,200,823,54518,0.000725,1.46,1.4647000000000001,0.15385,0.15544999999999998,0.0328,0.0524,18670.0,2
66,100,300,823,54618,0.000725,1.4606,1.463,0.1542,0.1553,0.0615,0.0514,18670.0,2
66,100,400,823,54718,0.000725,1.46,1.4621499999999998,0.15505000000000002,0.15525,0.0586,0.0513,18670.0,2
66,100,500,823,54818,0.000725,1.4593,1.4616,0.15545,0.15525,0.0484,0.0512,18670.0,2
66,100,600,823,54918,0.000725,1.459,1.46125,0.1524,0.15515,0.0296,0.0506,18670.0,2
66,100,700,823,55018,0.000725,1.4595,1.4609999999999999,0.15515,0.1552,0.0495,0.0504,18670.0,2
66,100,800,823,55118,0.000725,1.4612,1.4607999999999999,0.1555,0.15525,0.028,0.0498,18670.0,2
67,100,0,823,55141,0.000725,2.031,2.031,0.1516,0.1516,0.0281,0.0281,18670.0,2
67,100,100,823,55241,0.000725,1.4595,1.4652,0.15760000000000002,0.15515,0.0364,0.0494,18670.0,2
67,100,200,823,55341,0.000725,1.4622,1.4627,0.1498,0.15510000000000002,0.0342,0.0505,18670.0,2
67,100,300,823,55441,0.000725,1.4624,1.4623,0.15799999999999997,0.155,0.0396,0.0494,18670.0,2
67,100,400,823,55541,0.000725,1.4582,1.4618,0.15525,0.15485,0.0338,0.0496,18670.0,2
67,100,500,823,55641,0.000725,1.4600499999999998,1.4613,0.15439999999999998,0.155,0.0418,0.0495,18670.0,2
67,100,600,823,55741,0.000725,1.4608,1.461,0.1603,0.15494999999999998,0.0692,0.0502,18670.0,2
67,100,700,823,55841,0.000725,1.4591,1.4608,0.14995,0.155,0.0572,0.0506,18670.0,2
67,100,800,823,55941,0.000725,1.4625,1.4608,0.15560000000000002,0.15494999999999998,0.0348,0.0515,18670.0,2
68,100,0,823,55964,0.000725,2.0242500000000003,2.0242500000000003,0.15475,0.15475,0.0273,0.0273,18670.0,2
68,100,100,823,56064,0.000725,1.46135,1.46685,0.15225,0.155,0.0433,0.0423,18670.0,2
68,100,200,823,56164,0.000725,1.4591,1.46375,0.15560000000000002,0.15495,0.0389,0.0466,18670.0,2
68,100,300,823,56264,0.000725,1.4611,1.4625,0.152,0.1548,0.0322,0.0467,18670.0,2
68,100,400,823,56364,0.000725,1.4592,1.4619,0.15510000000000002,0.15475,0.059,0.0477,18670.0,2
68,100,500,823,56464,0.000725,1.4600499999999998,1.4614,0.15345,0.15465,0.0657,0.0482,18670.0,2
68,100,600,823,56564,0.000725,1.45825,1.4612,0.15410000000000001,0.15465,0.0369,0.0477,18670.0,2
68,100,700,823,56664,0.000725,1.4613,1.4611,0.1535,0.15460000000000002,0.0546,0.0476,18670.0,2
68,100,800,823,56764,0.000725,1.4597,1.461,0.15539999999999998,0.1546,0.0287,0.0488,18670.0,2
69,100,0,823,56787,0.000725,1.9964,1.9964,0.15885,0.15885,0.0355,0.0355,18670.0,2
69,100,100,823,56887,0.000725,1.46,1.465,0.15155000000000002,0.1545,0.0371,0.0563,18670.0,2
69,100,200,823,56987,0.000725,1.4602,1.4627,0.15239999999999998,0.1542,0.0454,0.0524,18670.0,2
69,100,300,823,57087,0.000725,1.4602499999999998,1.4618,0.15075,0.15425,0.0556,0.0553,18670.0,2
69,100,400,823,57187,0.000725,1.45965,1.4612,0.1554,0.15439999999999998,0.067,0.0514,18670.0,2
69,100,500,823,57287,0.000725,1.46,1.4609,0.15875,0.15439999999999998,0.0676,0.0506,18670.0,2
69,100,600,823,57387,0.000725,1.4613,1.4609,0.15705000000000002,0.15439999999999998,0.032,0.05,18670.0,2
69,100,700,823,57487,0.000725,1.4603,1.461,0.15245,0.15439999999999998,0.0301,0.0505,18670.0,2
69,100,800,823,57587,0.000725,1.46015,1.4609,0.15635,0.15439999999999998,0.0491,0.0508,18670.0,2
70,100,0,823,57610,0.000725,2.05605,2.05605,0.155,0.155,0.038,0.038,18670.0,2
70,100,100,823,57710,0.000725,1.4611,1.46605,0.15775,0.15385,0.0504,0.0498,18670.0,2
70,100,200,823,57810,0.000725,1.4609,1.4637,0.1519,0.15395,0.042,0.0484,18670.0,2
70,100,300,823,57910,0.000725,1.4608500000000002,1.4629,0.15234999999999999,0.15395,0.0376,0.0505,18670.0,2
70,100,400,823,58010,0.000725,1.4622,1.4626,0.1571,0.154,0.047,0.0487,18670.0,2
70,100,500,823,58110,0.000725,1.4623,1.4623499999999998,0.15315,0.1541,0.032,0.0502,18670.0,2
70,100,600,823,58210,0.000725,1.4616,1.4622,0.15205,0.15405,0.0362,0.0496,18670.0,2
70,100,700,823,58310,0.000725,1.461,1.462,0.15315,0.15405,0.0358,0.0499,18670.0,2
70,100,800,823,58410,0.000725,1.4606,1.4618,0.15555,0.15405,0.1107,0.0497,18670.0,2
71,100,0,823,58433,0.000725,2.5109000000000004,2.5109000000000004,0.15405000000000002,0.15405000000000002,0.0557,0.0557,18670.0,2
71,100,100,823,58533,0.000725,1.4585,1.4699,0.1516,0.15394999999999998,0.0583,0.0485,18670.0,2
71,100,200,823,58633,0.000725,1.462,1.4655999999999998,0.15505000000000002,0.15394999999999998,0.0909,0.049,18670.0,2
71,100,300,823,58733,0.000725,1.4613,1.4646,0.15405000000000002,0.15410000000000001,0.0351,0.0486,18670.0,2
71,100,400,823,58833,0.000725,1.4601,1.46375,0.1516,0.154,0.0483,0.0497,18670.0,2
71,100,500,823,58933,0.000725,1.4603,1.46305,0.155,0.15389999999999998,0.0666,0.05,18670.0,2
71,100,600,823,59033,0.000725,1.459,1.46265,0.155,0.15389999999999998,0.0398,0.0499,18670.0,2
71,100,700,823,59133,0.000725,1.461,1.4623,0.15539999999999998,0.15385,0.0321,0.0504,18670.0,2
71,100,800,823,59233,0.000725,1.4598,1.46205,0.15410000000000001,0.15385,0.0582,0.0501,18670.0,2
72,100,0,823,59256,0.000725,2.0671,2.0671,0.14884999999999998,0.14884999999999998,0.0338,0.0338,18670.0,2
72,100,100,823,59356,0.000725,1.4613,1.4668,0.15350000000000003,0.15375,0.0831,0.0496,18670.0,2
72,100,200,823,59456,0.000725,1.4617,1.4641,0.1523,0.15375,0.0375,0.0533,18670.0,2
72,100,300,823,59556,0.000725,1.4625,1.46325,0.1572,0.15385,0.0429,0.0533,18670.0,2
72,100,400,823,59656,0.000725,1.4599,1.4627,0.1498,0.1537,0.0675,0.0522,18670.0,2
72,100,500,823,59756,0.000725,1.4604,1.4622,0.1523,0.1537,0.031,0.0517,18670.0,2
72,100,600,823,59856,0.000725,1.45885,1.4618,0.15485,0.15365,0.0328,0.0509,18670.0,2
72,100,700,823,59956,0.000725,1.4593,1.4615,0.15925,0.15360000000000001,0.0403,0.051,18670.0,2
72,100,800,823,60056,0.000725,1.4621499999999998,1.4615,0.15535,0.15365,0.0368,0.0509,18670.0,2
73,100,0,823,60079,0.000725,1.95975,1.95975,0.1548,0.1548,0.0388,0.0388,18670.0,2
73,100,100,823,60179,0.000725,1.4621,1.467,0.16025,0.15395,0.0322,0.0532,18670.0,2
73,100,200,823,60279,0.000725,1.4599,1.4641,0.15695,0.15360000000000001,0.1017,0.0479,18670.0,2
73,100,300,823,60379,0.000725,1.4613,1.4631,0.15545,0.15355,0.0293,0.0494,18670.0,2
73,100,400,823,60479,0.000725,1.4614,1.4625,0.1511,0.1535,0.0282,0.0497,18670.0,2
73,100,500,823,60579,0.000725,1.4614,1.4622,0.1543,0.15345,0.0319,0.0505,18670.0,2
73,100,600,823,60679,0.000725,1.4604,1.4621,0.1521,0.1535,0.0271,0.0501,18670.0,2
73,100,700,823,60779,0.000725,1.4612,1.462,0.1513,0.15345,0.0407,0.0504,18670.0,2
73,100,800,823,60879,0.000725,1.4615,1.4619,0.15284999999999999,0.1535,0.0905,0.0508,18670.0,2
74,100,0,823,60902,0.000725,2.0877499999999998,2.0877499999999998,0.15225,0.15225,0.0535,0.0535,18670.0,2
74,100,100,823,61002,0.000725,1.461,1.4678,0.15205,0.15360000000000001,0.0389,0.0523,18670.0,2
74,100,200,823,61102,0.000725,1.46265,1.46455,0.1523,0.15325,0.0313,0.0511,18670.0,2
74,100,300,823,61202,0.000725,1.4614,1.4635,0.15225,0.15335,0.0876,0.0499,18670.0,2
74,100,400,823,61302,0.000725,1.4626,1.4629500000000002,0.15305000000000002,0.15335,0.0466,0.0505,18670.0,2
74,100,500,823,61402,0.000725,1.4615,1.4626,0.1534,0.1533,0.0503,0.0501,18670.0,2
74,100,600,823,61502,0.000725,1.4571,1.4623,0.84805,0.18895,0.1267,0.0839,18670.0,2
74,100,700,823,61602,0.000725,1.4575,1.4617,0.8069,0.27935,0.0598,0.1002,18670.0,2
74,100,800,823,61702,0.000725,1.4597,1.4614,0.3698,0.31145,0.1738,0.1309,18670.0,2
75,100,0,823,61725,0.000725,2.00755,2.00755,0.33785,0.33785,0.2148,0.2148,18670.0,2
75,100,100,823,61825,0.000725,1.4596,1.4655,0.2165,0.2665,0.1847,0.2116,18670.0,2
75,100,200,823,61925,0.000725,1.4601,1.4629,0.1706,0.22685,0.1168,0.1744,18670.0,2
75,100,300,823,62025,0.000725,1.4591,1.4621,0.16305,0.20715,0.1151,0.1618,18670.0,2
75,100,400,823,62125,0.000725,1.4606,1.4616,0.1621,0.1958,0.0902,0.15,18670.0,2
75,100,500,823,62225,0.000725,1.461,1.4613,0.1585,0.18845,0.1091,0.141,18670.0,2
75,100,600,823,62325,0.000725,1.459,1.4612,0.15794999999999998,0.1833,0.0723,0.1325,18670.0,2
75,100,700,823,62425,0.000725,1.4601,1.461,0.15895,0.1795,0.08,0.1279,18670.0,2
75,100,800,823,62525,0.000725,1.4602,1.4609,0.15639999999999998,0.17654999999999998,0.0993,0.1234,18670.0,2
76,100,0,823,62548,0.000725,2.57105,2.57105,0.15460000000000002,0.15460000000000002,0.077,0.077,18670.0,2
76,100,100,823,62648,0.000725,1.4587,1.4705,0.15639999999999998,0.15505,0.0938,0.0925,18670.0,2
76,100,200,823,62748,0.000725,1.4589,1.4649999999999999,0.1537,0.15475,0.0974,0.0859,18670.0,2
76,100,300,823,62848,0.000725,1.4595,1.46325,0.1552,0.15465,0.0795,0.0828,18670.0,2
76,100,400,823,62948,0.000725,1.4635,1.46265,0.15195,0.15445,0.0596,0.0819,18670.0,2
76,100,500,823,63048,0.000725,1.4624,1.46255,0.1538,0.15425,0.0871,0.0811,18670.0,2
76,100,600,823,63148,0.000725,1.4609,1.46225,0.15565,0.15415,0.0833,0.0803,18670.0,2
76,100,700,823,63248,0.000725,1.4615,1.4620000000000002,0.15405,0.154,0.0655,0.0792,18670.0,2
76,100,800,823,63348,0.000725,1.46,1.4619,0.1525,0.1539,0.106,0.0793,18670.0,2
77,100,0,823,63371,0.000725,2.05625,2.05625,0.15495,0.15495,0.067,0.067,18670.0,2
77,100,100,823,63471,0.000725,1.46095,1.4672,0.15275,0.153,0.0708,0.0673,18670.0,2
77,100,200,823,63571,0.000725,1.4604,1.4646,0.15155000000000002,0.15305,0.0623,0.0678,18670.0,2
77,100,300,823,63671,0.000725,1.4604,1.4635,0.1522,0.1529,0.0473,0.0697,18670.0,2
77,100,400,823,63771,0.000725,1.4601,1.4629,0.1516,0.15295,0.0898,0.0715,18670.0,2
77,100,500,823,63871,0.000725,1.4619,1.4627,0.15544999999999998,0.15284999999999999,0.0507,0.0692,18670.0,2
77,100,600,823,63971,0.000725,1.4612,1.4625,0.1527,0.1528,0.0574,0.0686,18670.0,2
77,100,700,823,64071,0.000725,1.4616,1.4623,0.1527,0.1528,0.0849,0.0696,18670.0,2
77,100,800,823,64171,0.000725,1.4612,1.4622,0.15215,0.1528,0.0442,0.069,18670.0,2
78,100,0,823,64194,0.000725,2.0539,2.0539,0.1511,0.1511,0.0489,0.0489,18670.0,2
78,100,100,823,64294,0.000725,1.4616,1.4667,0.15489999999999998,0.1521,0.0749,0.0619,18670.0,2
78,100,200,823,64394,0.000725,1.4631,1.4648,0.1542,0.15225,0.0821,0.0638,18670.0,2
78,100,300,823,64494,0.000725,1.4629,1.4645,0.1514,0.15245,0.0505,0.0641,18670.0,2
78,100,400,823,64594,0.000725,1.4665,1.4645,0.155,0.1525,0.0844,0.0647,18670.0,2
78,100,500,823,64694,0.000725,1.4634,1.4645,0.15385,0.15245,0.0604,0.0633,18670.0,2
78,100,600,823,64794,0.000725,1.46115,1.4644,0.1481,0.15245,0.0751,0.0612,18670.0,2
78,100,700,823,64894,0.000725,1.4618,1.4643,0.14984999999999998,0.15245,0.0431,0.0623,18670.0,2
78,100,800,823,64994,0.000725,1.4617499999999999,1.4641,0.15339999999999998,0.15255000000000002,0.052,0.0622,18670.0,2
79,100,0,823,65017,0.000725,2.04595,2.04595,0.15315,0.15315,0.0598,0.0598,18670.0,2
79,100,100,823,65117,0.000725,1.4618,1.4672,0.1565,0.15225,0.0941,0.0605,18670.0,2
79,100,200,823,65217,0.000725,1.46365,1.4646,0.15955,0.15255000000000002,0.0634,0.0625,18670.0,2
79,100,300,823,65317,0.000725,1.4608,1.4638,0.15395,0.15255000000000002,0.0458,0.06,18670.0,2
79,100,400,823,65417,0.000725,1.462,1.4633,0.15360000000000001,0.15250000000000002,0.0431,0.0613,18670.0,2
79,100,500,823,65517,0.000725,1.4636,1.463,0.1518,0.15250000000000002,0.0386,0.0591,18670.0,2
79,100,600,823,65617,0.000725,1.46,1.4628,0.15145,0.15255000000000002,0.0337,0.0589,18670.0,2
79,100,700,823,65717,0.000725,1.4632,1.4626,0.1533,0.15245,0.0732,0.0585,18670.0,2
79,100,800,823,65817,0.000725,1.4649,1.4628,0.1544,0.15250000000000002,0.0673,0.0585,18670.0,2
80,100,0,823,65840,0.000725,2.06775,2.06775,0.1558,0.1558,0.0674,0.0674,18670.0,2
80,100,100,823,65940,0.000725,1.4644,1.4704,0.15184999999999998,0.15295,0.0686,0.0542,18670.0,2
80,100,200,823,66040,0.000725,1.4643,1.4671,0.1501,0.1526,0.0355,0.0547,18670.0,2
80,100,300,823,66140,0.000725,1.4652500000000002,1.466,0.1523,0.15255000000000002,0.0752,0.0554,18670.0,2
80,100,400,823,66240,0.000725,1.4625,1.4654,0.15505000000000002,0.1526,0.0689,0.0576,18670.0,2
80,100,500,823,66340,0.000725,1.4636,1.465,0.15184999999999998,0.15255000000000002,0.0351,0.0576,18670.0,2
80,100,600,823,66440,0.000725,1.4622,1.4647,0.15639999999999998,0.15250000000000002,0.0459,0.0571,18670.0,2
80,100,700,823,66540,0.000725,1.4618,1.4644,0.15360000000000001,0.15250000000000002,0.0733,0.0562,18670.0,2
80,100,800,823,66640,0.000725,1.4624,1.4642,0.15000000000000002,0.15255000000000002,0.0746,0.0569,18670.0,2
81,100,0,823,66663,0.000725,2.5875,2.5875,0.15639999999999998,0.15639999999999998,0.0322,0.0322,18670.0,2
81,100,100,823,66763,0.000725,1.4627,1.4732500000000002,0.14925,0.15239999999999998,0.0558,0.0533,18670.0,2
81,100,200,823,66863,0.000725,1.4654,1.4691,0.1487,0.15255000000000002,0.0625,0.0531,18670.0,2
81,100,300,823,66963,0.000725,1.4659499999999999,1.46795,0.15345,0.1526,0.0379,0.0539,18670.0,2
81,100,400,823,67063,0.000725,1.4639,1.4670999999999998,0.15125,0.1526,0.0321,0.0533,18670.0,2
81,100,500,823,67163,0.000725,1.4637,1.46645,0.15195,0.1525,0.0446,0.0543,18670.0,2
81,100,600,823,67263,0.000725,1.4639,1.4661,0.15155,0.1525,0.0762,0.0533,18670.0,2
81,100,700,823,67363,0.000725,1.4657,1.4661,0.15115,0.15255000000000002,0.0376,0.0535,18670.0,2
81,100,800,823,67463,0.000725,1.464,1.46605,0.15055000000000002,0.1525,0.0359,0.0525,18670.0,2
82,100,0,823,67486,0.000725,1.9877,1.9877,0.155,0.155,0.0321,0.0321,18670.0,2
82,100,100,823,67586,0.000725,1.4648,1.4694,0.153,0.1523,0.0533,0.0587,18670.0,2
82,100,200,823,67686,0.000725,1.4652,1.467,0.15225,0.1524,0.0623,0.0609,18670.0,2
82,100,300,823,67786,0.000725,1.4654,1.4662,0.154,0.1523,0.1122,0.059,18670.0,2
82,100,400,823,67886,0.000725,1.462,1.4657,0.1516,0.15245,0.0897,0.0561,18670.0,2
82,100,500,823,67986,0.000725,1.4645,1.4653,0.1524,0.1524,0.0304,0.0549,18670.0,2
82,100,600,823,68086,0.000725,1.4635,1.465,0.1487,0.1524,0.055,0.0547,18670.0,2
82,100,700,823,68186,0.000725,1.4622,1.4647,0.15335,0.15245,0.1401,0.055,18670.0,2
82,100,800,823,68286,0.000725,1.4634,1.4644499999999998,0.15175,0.1524,0.0769,0.0544,18670.0,2
83,100,0,823,68309,0.000725,2.0204,2.0204,0.14955000000000002,0.14955000000000002,0.0737,0.0737,18670.0,2
83,100,100,823,68409,0.000725,1.4627,1.4677,0.1513,0.1522,0.0293,0.0452,18670.0,2
83,100,200,823,68509,0.000725,1.4619,1.4649,0.1588,0.15239999999999998,0.0438,0.0463,18670.0,2
83,100,300,823,68609,0.000725,1.4605,1.4638,0.15305000000000002,0.15245,0.0505,0.0509,18670.0,2
83,100,400,823,68709,0.000725,1.4606,1.4633,0.1531,0.1525,0.1015,0.0529,18670.0,2
83,100,500,823,68809,0.000725,1.46,1.4629,0.15175,0.15245,0.0724,0.0513,18670.0,2
83,100,600,823,68909,0.000725,1.4608,1.4626,0.1501,0.15250000000000002,0.0355,0.051,18670.0,2
83,100,700,823,69009,0.000725,1.4615,1.4624,0.151,0.15239999999999998,0.0281,0.0509,18670.0,2
83,100,800,823,69109,0.000725,1.4639,1.4626,0.155,0.15234999999999999,0.0511,0.0509,18670.0,2
84,100,0,823,69132,0.000725,2.0757000000000003,2.0757000000000003,0.15105000000000002,0.15105000000000002,0.037,0.037,18670.0,2
84,100,100,823,69232,0.000725,1.4614,1.4684,0.15555,0.1517,0.04,0.0477,18670.0,2
84,100,200,823,69332,0.000725,1.4628,1.4653,0.1515,0.152,0.0273,0.0545,18670.0,2
84,100,300,823,69432,0.000725,1.4619,1.464,0.1555,0.1522,0.0836,0.0531,18670.0,2
84,100,400,823,69532,0.000725,1.461,1.4636,0.15295,0.15225,0.0382,0.0542,18670.0,2
84,100,500,823,69632,0.000725,1.4616500000000001,1.4633,0.14815,0.15225,0.0592,0.0556,18670.0,2
84,100,600,823,69732,0.000725,1.4607,1.463,0.1515,0.1522,0.0476,0.0538,18670.0,2
84,100,700,823,69832,0.000725,1.46095,1.4628,0.15284999999999999,0.1522,0.0543,0.0536,18670.0,2
84,100,800,823,69932,0.000725,1.4611,1.4627,0.15375,0.15215,0.0473,0.0532,18670.0,2
85,100,0,823,69955,0.000725,2.01715,2.01715,0.1558,0.1558,0.0445,0.0445,18670.0,2
85,100,100,823,70055,0.000725,1.4609,1.4668,0.1497,0.15205000000000002,0.0613,0.0523,18670.0,2
85,100,200,823,70155,0.000725,1.462,1.4644,0.1496,0.15195,0.031,0.0519,18670.0,2
85,100,300,823,70255,0.000725,1.4621,1.4636,0.15315,0.15195,0.0461,0.0509,18670.0,2
85,100,400,823,70355,0.000725,1.4621,1.4632,0.1528,0.15195,0.0338,0.0507,18670.0,2
85,100,500,823,70455,0.000725,1.46225,1.463,0.15105000000000002,0.1519,0.0496,0.0505,18670.0,2
85,100,600,823,70555,0.000725,1.4632,1.4629,0.15365,0.15195,0.0528,0.051,18670.0,2
85,100,700,823,70655,0.000725,1.4631,1.4629,0.15095,0.15189999999999998,0.0476,0.0511,18670.0,2
85,100,800,823,70755,0.000725,1.4643,1.4633,0.1535,0.15189999999999998,0.0589,0.0509,18670.0,2
86,100,0,823,70778,0.000725,2.5499,2.5499,0.15455,0.15455,0.0612,0.0612,18670.0,2
86,100,100,823,70878,0.000725,1.4637,1.47355,0.1523,0.15184999999999998,0.0492,0.0514,18670.0,2
86,100,200,823,70978,0.000725,1.4632,1.4685000000000001,0.14915,0.1518,0.0385,0.0494,18670.0,2
86,100,300,823,71078,0.000725,1.4643,1.46675,0.15439999999999998,0.1518,0.0308,0.0513,18670.0,2
86,100,400,823,71178,0.000725,1.4616,1.4656500000000001,0.1499,0.15184999999999998,0.0769,0.0532,18670.0,2
86,100,500,823,71278,0.000725,1.4631,1.4651,0.15225,0.1518,0.0313,0.0527,18670.0,2
86,100,600,823,71378,0.000725,1.4619,1.46475,0.15635,0.1518,0.0407,0.0527,18670.0,2
86,100,700,823,71478,0.000725,1.4643,1.46445,0.15165,0.15175,0.0629,0.0529,18670.0,2
86,100,800,823,71578,0.000725,1.462,1.4642,0.15095,0.15175,0.0681,0.0534,18670.0,2
87,100,0,823,71601,0.000725,2.0303,2.0303,0.14925,0.14925,0.0492,0.0492,18670.0,2
87,100,100,823,71701,0.000725,1.4621,1.4688,0.15100000000000002,0.1517,0.0272,0.0539,18670.0,2
87,100,200,823,71801,0.000725,1.4622,1.4659,0.1482,0.15155000000000002,0.0506,0.0522,18670.0,2
87,100,300,823,71901,0.000725,1.4618,1.4649,0.15355000000000002,0.15165,0.1187,0.0518,18670.0,2
87,100,400,823,72001,0.000725,1.4641,1.4645,0.15215,0.1516,0.0314,0.051,18670.0,2
87,100,500,823,72101,0.000725,1.4637,1.4641,0.1478,0.15155000000000002,0.0418,0.05,18670.0,2
87,100,600,823,72201,0.000725,1.4623,1.4639,0.15139999999999998,0.1516,0.0862,0.0505,18670.0,2
87,100,700,823,72301,0.000725,1.4607,1.4636,0.15084999999999998,0.15155000000000002,0.0324,0.0505,18670.0,2
87,100,800,823,72401,0.000725,1.4608,1.4634,0.15300000000000002,0.15155000000000002,0.0355,0.0504,18670.0,2
88,100,0,823,72424,0.000725,2.03665,2.03665,0.15284999999999999,0.15284999999999999,0.076,0.076,18670.0,2
88,100,100,823,72524,0.000725,1.4656,1.46895,0.14825,0.15155000000000002,0.0442,0.0514,18670.0,2
88,100,200,823,72624,0.000725,1.4642,1.4672,0.15134999999999998,0.1515,0.0754,0.0514,18670.0,2
88,100,300,823,72724,0.000725,1.4631,1.4663,0.1531,0.15155000000000002,0.0317,0.0534,18670.0,2
88,100,400,823,72824,0.000725,1.4622,1.4655,0.15105000000000002,0.15145,0.0424,0.0511,18670.0,2
88,100,500,823,72924,0.000725,1.464,1.4649,0.15035,0.15145,0.0814,0.0525,18670.0,2
88,100,600,823,73024,0.000725,1.4625,1.4645,0.14945,0.15145,0.0898,0.0531,18670.0,2
88,100,700,823,73124,0.000725,1.4624,1.4642,0.1505,0.15139999999999998,0.0568,0.0527,18670.0,2
88,100,800,823,73224,0.000725,1.4635,1.4639,0.15475,0.15145,0.0446,0.0523,18670.0,2
89,100,0,823,73247,0.000725,2.011,2.011,0.15075,0.15075,0.0373,0.0373,18670.0,2
89,100,100,823,73347,0.000725,1.4629,1.4678,0.15389999999999998,0.1516,0.0457,0.0544,18670.0,2
89,100,200,823,73447,0.000725,1.4629500000000002,1.4651,0.1501,0.15155,0.0512,0.0551,18670.0,2
89,100,300,823,73547,0.000725,1.4626,1.4641,0.15595,0.15139999999999998,0.0419,0.0546,18670.0,2
89,100,400,823,73647,0.000725,1.4625499999999998,1.4637,0.1501,0.15134999999999998,0.0273,0.0543,18670.0,2
89,100,500,823,73747,0.000725,1.4619,1.4634,0.15034999999999998,0.15134999999999998,0.0415,0.0533,18670.0,2
89,100,600,823,73847,0.000725,1.4634,1.4632,0.1547,0.1513,0.0298,0.0516,18670.0,2
89,100,700,823,73947,0.000725,1.4614,1.4631,0.1514,0.15125,0.0592,0.0516,18670.0,2
89,100,800,823,74047,0.000725,1.4615,1.4629,0.14875,0.15125,0.038,0.0518,18670.0,2
90,100,0,823,74070,0.000725,1.98105,1.98105,0.15125,0.15125,0.0397,0.0397,18670.0,2
90,100,100,823,74170,0.000725,1.4608,1.4661,0.15215,0.15105000000000002,0.0431,0.047,18670.0,2
90,100,200,823,74270,0.000725,1.4641,1.46415,0.1505,0.15115,0.0261,0.0476,18670.0,2
90,100,300,823,74370,0.000725,1.4627,1.4641,0.1523,0.1511,0.0385,0.0481,18670.0,2
90,100,400,823,74470,0.000725,1.4641,1.4638,0.15405000000000002,0.1511,0.036,0.05,18670.0,2
90,100,500,823,74570,0.000725,1.461,1.4635,0.14884999999999998,0.15105000000000002,0.0351,0.0501,18670.0,2
90,100,600,823,74670,0.000725,1.4627,1.4634,0.15284999999999999,0.15105000000000002,0.0325,0.051,18670.0,2
90,100,700,823,74770,0.000725,1.4627,1.4631,0.14875,0.15105000000000002,0.0598,0.0505,18670.0,2
90,100,800,823,74870,0.000725,1.461,1.4629500000000002,0.15365,0.15105000000000002,0.0509,0.0508,18670.0,2
91,100,0,823,74893,0.000725,2.5309500000000003,2.5309500000000003,0.15225,0.15225,0.036,0.036,18670.0,2
91,100,100,823,74993,0.000725,1.4623,1.4713500000000002,0.14775,0.15115,0.0694,0.0581,18670.0,2
91,100,200,823,75093,0.000725,1.4606,1.46645,0.14955000000000002,0.1511,0.0525,0.0556,18670.0,2
91,100,300,823,75193,0.000725,1.4633,1.46475,0.14745,0.15115,0.0235,0.0559,18670.0,2
91,100,400,823,75293,0.000725,1.4608,1.4638499999999999,0.1522,0.1511,0.0597,0.0544,18670.0,2
91,100,500,823,75393,0.000725,1.4624,1.4634,0.14884999999999998,0.15095,0.0388,0.0541,18670.0,2
91,100,600,823,75493,0.000725,1.4617,1.46305,0.1521,0.15095,0.0481,0.0539,18670.0,2
91,100,700,823,75593,0.000725,1.462,1.4628,0.15045,0.15089999999999998,0.0353,0.0536,18670.0,2
91,100,800,823,75693,0.000725,1.4611,1.46255,0.1538,0.15084999999999998,0.0849,0.0537,18670.0,2
92,100,0,823,75716,0.000725,2.0376000000000003,2.0376000000000003,0.15305000000000002,0.15305000000000002,0.0569,0.0569,18670.0,2
92,100,100,823,75816,0.000725,1.4631,1.4673,0.1521,0.1512,0.0319,0.0491,18670.0,2
92,100,200,823,75916,0.000725,1.4626,1.4653,0.1476,0.15115,0.0381,0.0487,18670.0,2
92,100,300,823,76016,0.000725,1.4612,1.4641,0.1505,0.1511,0.0296,0.0507,18670.0,2
92,100,400,823,76116,0.000725,1.4609,1.4634,0.15015,0.151,0.0378,0.0524,18670.0,2
92,100,500,823,76216,0.000725,1.4621,1.463,0.1533,0.15084999999999998,0.0891,0.0514,18670.0,2
92,100,600,823,76316,0.000725,1.4603,1.4627,0.1492,0.1508,0.0349,0.0517,18670.0,2
92,100,700,823,76416,0.000725,1.4609,1.4625,0.1492,0.1508,0.0492,0.0521,18670.0,2
92,100,800,823,76516,0.000725,1.4629,1.4623,0.14629999999999999,0.1508,0.0461,0.0522,18670.0,2
93,100,0,823,76539,0.000725,2.02715,2.02715,0.1467,0.1467,0.0325,0.0325,18670.0,2
93,100,100,823,76639,0.000725,1.4604,1.4661,0.15165,0.15050000000000002,0.072,0.048,18670.0,2
93,100,200,823,76739,0.000725,1.46,1.4634,0.1531,0.15045,0.0285,0.049,18670.0,2
93,100,300,823,76839,0.000725,1.4603,1.4624,0.14665,0.1506,0.0533,0.0508,18670.0,2
93,100,400,823,76939,0.000725,1.4604,1.4621,0.1535,0.1506,0.0337,0.0506,18670.0,2
93,100,500,823,77039,0.000725,1.4595,1.4618,0.14745,0.1506,0.0395,0.0498,18670.0,2
93,100,600,823,77139,0.000725,1.459,1.4615,0.1485,0.15055000000000002,0.1283,0.052,18670.0,2
93,100,700,823,77239,0.000725,1.4621,1.4615,0.15100000000000002,0.15055000000000002,0.0316,0.0522,18670.0,2
93,100,800,823,77339,0.000725,1.4642,1.4617499999999999,0.1496,0.1505,0.0389,0.0525,18670.0,2
94,100,0,823,77362,0.000725,1.9681,1.9681,0.1527,0.1527,0.0343,0.0343,18670.0,2
94,100,100,823,77462,0.000725,1.4631,1.468,0.1478,0.15025,0.0621,0.0519,18670.0,2
94,100,200,823,77562,0.000725,1.4619,1.4652,0.14875,0.1503,0.0383,0.0525,18670.0,2
94,100,300,823,77662,0.000725,1.4626,1.4643,0.1539,0.1503,0.0548,0.0545,18670.0,2
94,100,400,823,77762,0.000725,1.4635500000000001,1.4638,0.15410000000000001,0.15034999999999998,0.0767,0.0541,18670.0,2
94,100,500,823,77862,0.000725,1.4627,1.4635,0.14725,0.1503,0.0621,0.0545,18670.0,2
94,100,600,823,77962,0.000725,1.4640499999999999,1.4633,0.14950000000000002,0.15034999999999998,0.0418,0.0531,18670.0,2
94,100,700,823,78062,0.000725,1.46395,1.4631,0.1496,0.15034999999999998,0.0373,0.0534,18670.0,2
94,100,800,823,78162,0.000725,1.4624,1.463,0.14805000000000001,0.1504,0.038,0.053,18670.0,2
95,100,0,823,78185,0.000725,2.0221,2.0221,0.15005000000000002,0.15005000000000002,0.0619,0.0619,18670.0,2
95,100,100,823,78285,0.000725,1.4622,1.467,0.1477,0.15005000000000002,0.0335,0.0461,18670.0,2
95,100,200,823,78385,0.000725,1.4611,1.4644,0.14700000000000002,0.15005000000000002,0.052,0.0462,18670.0,2
95,100,300,823,78485,0.000725,1.4617,1.4635,0.1506,0.15,0.0492,0.0493,18670.0,2
95,100,400,823,78585,0.000725,1.4619,1.4631,0.15325,0.15005000000000002,0.0614,0.0494,18670.0,2
95,100,500,823,78685,0.000725,1.4613,1.4628,0.14845,0.1501,0.0548,0.0498,18670.0,2
95,100,600,823,78785,0.000725,1.4608,1.4626,0.15445,0.15015,0.0663,0.0517,18670.0,2
95,100,700,823,78885,0.000725,1.4643,1.4626,0.15095,0.15015,0.0263,0.0527,18670.0,2
95,100,800,823,78985,0.000725,1.4631,1.4628,0.15234999999999999,0.1502,0.0615,0.0532,18670.0,2
96,100,0,823,79008,0.000725,2.5814,2.5814,0.14950000000000002,0.14950000000000002,0.0752,0.0752,18670.0,2
96,100,100,823,79108,0.000725,1.4609,1.4734,0.1516,0.1504,0.0534,0.0502,18670.0,2
96,100,200,823,79208,0.000725,1.4614,1.4681000000000002,0.15075,0.1502,0.0285,0.0521,18670.0,2
96,100,300,823,79308,0.000725,1.4617,1.4662,0.15395,0.1503,0.0433,0.0512,18670.0,2
96,100,400,823,79408,0.000725,1.4605,1.46515,0.1467,0.15015,0.0414,0.0519,18670.0,2
96,100,500,823,79508,0.000725,1.4621,1.46455,0.15189999999999998,0.1502,0.0392,0.0507,18670.0,2
96,100,600,823,79608,0.000725,1.4614,1.4641000000000002,0.1527,0.15025,0.0427,0.0512,18670.0,2
96,100,700,823,79708,0.000725,1.4608,1.4638,0.15215,0.15025,0.0259,0.0512,18670.0,2
96,100,800,823,79808,0.000725,1.4632,1.46365,0.14650000000000002,0.15015,0.0457,0.0518,18670.0,2
97,100,0,823,79831,0.000725,1.9712,1.9712,0.15005000000000002,0.15005000000000002,0.0489,0.0489,18670.0,2
97,100,100,823,79931,0.000725,1.4615,1.46705,0.14815,0.1497,0.0334,0.0515,18670.0,2
97,100,200,823,80031,0.000725,1.4614,1.4647,0.1526,0.14984999999999998,0.0317,0.0551,18670.0,2
97,100,300,823,80131,0.000725,1.4601,1.4639,0.14755000000000001,0.14989999999999998,0.0678,0.0529,18670.0,2
97,100,400,823,80231,0.000725,1.4595,1.4632,0.15145,0.1499,0.0248,0.055,18670.0,2
97,100,500,823,80331,0.000725,1.4587,1.4626,0.1492,0.1499,0.0584,0.0543,18670.0,2
97,100,600,823,80431,0.000725,1.4611,1.4622,0.1502,0.14995,0.0506,0.0535,18670.0,2
97,100,700,823,80531,0.000725,1.4623,1.4621,0.14705000000000001,0.15000000000000002,0.0275,0.0537,18670.0,2
97,100,800,823,80631,0.000725,1.4632,1.4622,0.14900000000000002,0.14995,0.0334,0.0544,18670.0,2
98,100,0,823,80654,0.000725,1.97785,1.97785,0.14795,0.14795,0.0412,0.0412,18670.0,2
98,100,100,823,80754,0.000725,1.4607,1.466,0.1511,0.15005,0.0519,0.0565,18670.0,2
98,100,200,823,80854,0.000725,1.461,1.4633,0.1502,0.15000000000000002,0.0314,0.0559,18670.0,2
98,100,300,823,80954,0.000725,1.4592,1.4624,0.14884999999999998,0.15000000000000002,0.0492,0.0546,18670.0,2
98,100,400,823,81054,0.000725,1.4605,1.462,0.14965,0.14984999999999998,0.0262,0.0534,18670.0,2
98,100,500,823,81154,0.000725,1.4601,1.4618,0.14715,0.1498,0.023,0.0522,18670.0,2
98,100,600,823,81254,0.000725,1.4607,1.4615,0.15234999999999999,0.1498,0.0354,0.0527,18670.0,2
98,100,700,823,81354,0.000725,1.4608,1.4613,0.15134999999999998,0.1498,0.0358,0.0524,18670.0,2
98,100,800,823,81454,0.000725,1.4628,1.4613,0.1491,0.1498,0.0392,0.051,18670.0,2
99,100,0,823,81477,0.000725,2.00385,2.00385,0.15150000000000002,0.15150000000000002,0.0327,0.0327,18670.0,2
99,100,100,823,81577,0.000725,1.4629,1.4664,0.1502,0.1502,0.0265,0.0525,18670.0,2
99,100,200,823,81677,0.000725,1.4622,1.464,0.15234999999999999,0.14989999999999998,0.0401,0.0512,18670.0,2
99,100,300,823,81777,0.000725,1.4635500000000001,1.4631,0.14955000000000002,0.1498,0.0577,0.0521,18670.0,2
99,100,400,823,81877,0.000725,1.4618,1.4627,0.15015,0.1498,0.0777,0.0546,18670.0,2
99,100,500,823,81977,0.000725,1.4623,1.4623,0.1484,0.14975,0.0335,0.0539,18670.0,2
99,100,600,823,82077,0.000725,1.4634,1.462,0.15000000000000002,0.14965,0.1188,0.0541,18670.0,2
99,100,700,823,82177,0.000725,1.4604,1.4621,0.1493,0.14965,0.1338,0.0542,18670.0,2
99,100,800,823,82277,0.000725,1.462,1.4622,0.15085,0.1497,0.047,0.054,18670.0,2
