epoch,total_epochs,step,steps_per_epoch,global_step,lr,time_val,time_avg,loss_val,loss_avg,grad_val,grad_avg,mem_mb
0,100,0,823,0,4e-06,4.2883,4.2883,0.9478,0.9478,3.3136,3.3136,18411
0,100,100,823,100,1.2e-05,1.4517,1.4652,0.8463,0.8419,0.0411,0.2174,18670
0,100,200,823,200,2.1e-05,1.4551,1.4594,0.842,0.8403,0.0673,0.1452,18670
0,100,300,823,300,3e-05,1.4553,1.4582,0.8373,0.8395,0.0938,0.1215,18670
0,100,400,823,400,3.9e-05,1.4541,1.4575,0.8401,0.8394,0.0165,0.1304,18670
0,100,500,823,500,4.7e-05,1.4553,1.457,0.8388,0.839,0.0719,0.1093,18670
0,100,600,823,600,5.6e-05,1.4584,1.4568,0.7334,0.838,0.9327,0.1241,18670
0,100,700,823,700,6.5e-05,1.4592,1.4569,0.5188,0.8017,0.283,0.1536,18670
0,100,800,823,800,7.4e-05,1.4568,1.457,0.4299,0.7589,0.5444,0.2014,18670
1,100,0,823,823,7.6e-05,1.9531,1.9531,0.4099,0.4099,0.5886,0.5886,18670
1,100,100,823,923,8.5e-05,1.458,1.4622,0.3953,0.3964,0.5439,0.5721,18670
1,100,200,823,1023,9.3e-05,1.4592,1.4604,0.3689,0.3896,0.6225,0.5629,18670
1,100,300,823,1123,0.000102,1.4575,1.4597,0.859,0.4036,0.4363,0.7057,18670
1,100,400,823,1223,0.000111,1.4602,1.4592,0.4228,0.4534,0.4277,0.677,18670
1,100,500,823,1323,0.00012,1.4603,1.4592,0.3897,0.4422,0.2719,0.6043,18670
1,100,600,823,1423,0.000128,1.4586,1.4593,0.3778,0.4326,0.4644,0.5575,18670
1,100,700,823,1523,0.000137,1.4592,1.4591,0.3894,0.4248,0.3506,0.5293,18670
1,100,800,823,1623,0.000146,1.4594,1.459,0.3671,0.4184,0.4647,0.5126,18670
2,100,0,823,1646,0.000148,2.013,2.013,0.36,0.36,0.4543,0.4543,18670
2,100,100,823,1746,0.000157,1.4577,1.4634,0.3645,0.3698,0.4493,0.4199,18670
2,100,200,823,1846,0.000165,1.4597,1.4605,0.3631,0.3684,0.5753,0.4333,18670
2,100,300,823,1946,0.000174,1.4573,1.4597,0.3618,0.3673,0.6453,0.4374,18670
2,100,400,823,2046,0.000183,1.4591,1.4593,0.3769,0.3662,0.363,0.4331,18670
2,100,500,823,2146,0.000192,1.4578,1.4591,0.3586,0.3653,0.3822,0.4372,18670
2,100,600,823,2246,0.0002,1.4587,1.4589,0.3587,0.3642,0.5362,0.4384,18670
2,100,700,823,2346,0.000209,1.4585,1.4589,0.3597,0.3633,0.4115,0.4375,18670
2,100,800,823,2446,0.000218,1.4581,1.4588,0.3529,0.3628,0.3591,0.4382,18670
3,100,0,823,2469,0.00022,2.0219,2.0219,0.3534,0.3534,0.3252,0.3252,18670
3,100,100,823,2569,0.000229,1.4601,1.4643,0.3596,0.3557,0.4576,0.3985,18670
3,100,200,823,2669,0.000238,1.4603,1.4621,0.3579,0.3549,0.4381,0.4193,18670
3,100,300,823,2769,0.000246,1.4605,1.4618,0.355,0.3547,0.5036,0.4116,18670
3,100,400,823,2869,0.000255,1.4579,1.4612,0.3575,0.3545,0.26,0.4142,18670
3,100,500,823,2969,0.000264,1.4597,1.4608,0.3485,0.3538,0.4169,0.4138,18670
3,100,600,823,3069,0.000273,1.4604,1.4606,0.3542,0.3533,0.3324,0.4125,18670
3,100,700,823,3169,0.000281,1.4593,1.4605,0.3504,0.3529,0.4286,0.4103,18670
3,100,800,823,3269,0.00029,1.4592,1.4603,0.3599,0.3524,0.4206,0.4081,18670
4,100,0,823,3292,0.000292,2.0431,2.0431,0.3518,0.3518,0.388,0.388,18670
4,100,100,823,3392,0.000301,1.4554,1.464,0.8331,0.5019,0.0618,0.5369,18670
4,100,200,823,3492,0.00031,1.4563,1.4599,0.8447,0.6699,0.0274,0.2843,18670
4,100,300,823,3592,0.000318,1.457,1.4588,0.8336,0.7263,0.0541,0.1989,18670
4,100,400,823,3692,0.000327,1.4561,1.4581,0.8293,0.7541,0.0495,0.158,18670
4,100,500,823,3792,0.000336,1.4552,1.4577,0.8375,0.7712,0.0271,0.1351,18670
4,100,600,823,3892,0.000345,1.4557,1.4574,0.8378,0.7824,0.0185,0.1199,18670
4,100,700,823,3992,0.000354,1.4556,1.4571,0.845,0.7904,0.0338,0.1088,18670
4,100,800,823,4092,0.000362,1.4578,1.4572,0.8329,0.7962,0.0461,0.1013,18670
5,100,0,823,4115,0.000364,1.9843,1.9843,0.8349,0.8349,0.0475,0.0475,18670
5,100,100,823,4215,0.000373,1.4588,1.4631,0.8283,0.8376,0.1132,0.0414,18670
5,100,200,823,4315,0.000382,1.4574,1.4604,0.8426,0.8382,0.0848,0.0454,18670
5,100,300,823,4415,0.000391,1.4567,1.4594,0.8463,0.838,0.0461,0.0449,18670
5,100,400,823,4515,0.000399,1.4573,1.4588,0.8412,0.8379,0.0338,0.047,18670
5,100,500,823,4615,0.000408,1.4587,1.4585,0.8371,0.8378,0.0356,0.0461,18670
5,100,600,823,4715,0.000417,1.4557,1.4583,0.843,0.8377,0.0936,0.0483,18670
5,100,700,823,4815,0.000426,1.4572,1.458,0.8323,0.8376,0.1039,0.0503,18670
5,100,800,823,4915,0.000434,1.4557,1.4578,0.8469,0.8379,0.0116,0.056,18670
6,100,0,823,4938,0.000436,1.9411,1.9411,0.8369,0.8369,0.0201,0.0201,18670
6,100,100,823,5038,0.000445,1.4556,1.4599,0.8568,0.8401,0.2016,0.0736,18670
6,100,200,823,5138,0.000454,1.4553,1.4578,0.8424,0.8402,0.0137,0.0646,18670
6,100,300,823,5238,0.000463,1.4564,1.4572,0.8371,0.8401,0.0409,0.0509,18670
6,100,400,823,5338,0.000472,1.4558,1.457,0.8334,0.8398,0.0148,0.044,18670
6,100,500,823,5438,0.00048,1.4569,1.4569,0.8368,0.8395,0.023,0.0405,18670
6,100,600,823,5538,0.000489,1.4579,1.457,0.8333,0.8394,0.0618,0.0401,18670
6,100,700,823,5638,0.000498,1.4575,1.4569,0.8385,0.8393,0.0392,0.0393,18670
6,100,800,823,5738,0.000507,1.4601,1.4572,0.8451,0.8393,0.0592,0.0412,18670
7,100,0,823,5761,0.000509,2.0739,2.0739,0.842,0.842,0.1351,0.1351,18670
7,100,100,823,5861,0.000517,1.4582,1.4644,0.8423,0.8392,0.0275,0.0522,18670
7,100,200,823,5961,0.000526,1.4569,1.4609,0.8456,0.8395,0.8022,0.1288,18670
7,100,300,823,6061,0.000535,1.4556,1.4595,0.8345,0.8392,0.0181,0.0976,18670
7,100,400,823,6161,0.000544,1.4551,1.4586,0.8431,0.8393,0.0213,0.0811,18670
7,100,500,823,6261,0.000552,1.4563,1.458,0.8436,0.8391,0.0145,0.0707,18670
7,100,600,823,6361,0.000561,1.4575,1.4577,0.841,0.8392,0.0425,0.0633,18670
7,100,700,823,6461,0.00057,1.4565,1.4575,0.8342,0.8393,0.012,0.0596,18670
7,100,800,823,6561,0.000579,1.4562,1.4573,0.8422,0.8391,0.033,0.0583,18670
8,100,0,823,6584,0.000581,1.9975,1.9975,0.8334,0.8334,0.0409,0.0409,18670
8,100,100,823,6684,0.000589,1.4567,1.462,0.8353,0.8383,0.0133,0.0396,18670
8,100,200,823,6784,0.000598,1.4574,1.4598,0.8353,0.8388,0.0235,0.0396,18670
8,100,300,823,6884,0.000607,1.4574,1.459,0.8454,0.8384,2.9559,0.0618,18670
8,100,400,823,6984,0.000616,1.4574,1.4587,0.8346,0.8384,0.041,0.097,18670
8,100,500,823,7084,0.000625,1.4575,1.4584,0.8451,0.8384,0.1235,0.0882,18670
8,100,600,823,7184,0.000633,1.4569,1.4581,0.8469,0.8382,0.0541,0.0867,18670
8,100,700,823,7284,0.000642,1.4581,1.4579,0.849,0.8376,1403.8081,3.3416,18670
8,100,800,823,7384,0.000651,1.4591,1.4578,0.8455,0.838,0.0203,3.1775,18670
9,100,0,823,7407,0.000653,1.9924,1.9924,0.8303,0.8303,0.0498,0.0498,18670
9,100,100,823,7507,0.000662,1.4558,1.4618,0.8418,0.8387,0.0863,0.0377,18670
9,100,200,823,7607,0.00067,1.4566,1.4591,0.8313,0.8373,0.1547,0.0526,18670
9,100,300,823,7707,0.000679,1.4553,1.4581,0.8341,0.838,0.0152,0.1045,18670
9,100,400,823,7807,0.000688,1.4564,1.4575,0.8363,0.838,0.0143,0.0893,18670
9,100,500,823,7907,0.000697,1.4572,1.4574,0.8253,0.8377,0.1758,0.0914,18670
9,100,600,823,8007,0.000705,1.4535,1.4573,0.8273,0.8358,0.0779,0.1276,18670
9,100,700,823,8107,0.000714,1.4594,1.4572,0.6371,0.8224,0.2159,0.1749,18670
9,100,800,823,8207,0.000723,1.4562,1.4573,0.5524,0.7929,0.1315,0.1756,18670
10,100,0,823,8230,0.000725,2.0001,2.0001,0.5148,0.5148,0.1998,0.1998,18670
10,100,100,823,8330,0.000725,1.459,1.4637,0.4917,0.5009,0.1436,0.1863,18670
10,100,200,823,8430,0.000725,1.4589,1.4614,0.4559,0.4882,0.0951,0.1857,18670
10,100,300,823,8530,0.000725,1.4585,1.4604,0.4418,0.4787,0.2296,0.1861,18670
10,100,400,823,8630,0.000725,1.4571,1.4597,0.4559,0.4719,0.1506,0.1897,18670
10,100,500,823,8730,0.000725,1.4592,1.4595,0.4401,0.4663,0.2036,0.1896,18670
10,100,600,823,8830,0.000725,1.4601,1.4594,0.4315,0.4616,0.1568,0.191,18670
10,100,700,823,8930,0.000725,1.4593,1.4594,0.4274,0.4584,0.193,0.1929,18670
10,100,800,823,9030,0.000725,1.4594,1.4594,0.3927,0.4537,0.0695,0.1943,18670
11,100,0,823,9053,0.000725,1.9678,1.9678,0.4049,0.4049,0.1579,0.1579,18670
11,100,100,823,9153,0.000725,1.4601,1.4642,0.3957,0.4058,0.1108,0.2054,18670
11,100,200,823,9253,0.000725,1.4591,1.4619,0.3994,0.4036,0.0824,0.2104,18670
11,100,300,823,9353,0.000725,1.4593,1.4611,0.394,0.4017,0.135,0.2151,18670
11,100,400,823,9453,0.000725,1.4593,1.4607,0.3739,0.3977,0.1804,0.2037,18670
11,100,500,823,9553,0.000725,1.4599,1.4605,0.3626,0.3937,0.1005,0.1998,18670
11,100,600,823,9653,0.000725,1.4597,1.4603,0.3665,0.3896,0.188,0.198,18670
11,100,700,823,9753,0.000725,1.4603,1.4602,0.3635,0.3858,0.1724,0.1979,18670
11,100,800,823,9853,0.000725,1.4599,1.4601,0.3591,0.3822,0.1479,0.195,18670
12,100,0,823,9876,0.000725,2.0584,2.0584,0.3656,0.3656,0.1866,0.1866,18670
12,100,100,823,9976,0.000725,1.4593,1.4654,0.3507,0.3498,0.1537,0.1901,18670
12,100,200,823,10076,0.000725,1.459,1.4625,0.3275,0.3453,0.2406,0.1923,18670
12,100,300,823,10176,0.000725,1.4603,1.4615,0.3387,0.3398,0.4183,0.1914,18670
12,100,400,823,10276,0.000725,1.4593,1.461,0.3057,0.3344,0.2317,0.1908,18670
12,100,500,823,10376,0.000725,1.4597,1.4607,0.3055,0.3299,0.1721,0.1969,18670
12,100,600,823,10476,0.000725,1.4591,1.4605,0.299,0.3255,0.2012,0.1959,18670
12,100,700,823,10576,0.000725,1.4628,1.4606,0.2953,0.3217,0.122,0.1989,18670
12,100,800,823,10676,0.000725,1.4611,1.4607,0.2929,0.3182,0.168,0.1963,18670
13,100,0,823,10699,0.000725,2.0594,2.0594,0.2874,0.2874,0.2569,0.2569,18670
13,100,100,823,10799,0.000725,1.4595,1.4656,0.2756,0.29,0.1738,0.2138,18670
13,100,200,823,10899,0.000725,1.4596,1.4626,0.2656,0.2867,0.1654,0.1924,18670
13,100,300,823,10999,0.000725,1.4599,1.4616,0.2787,0.2843,0.1992,0.1805,18670
13,100,400,823,11099,0.000725,1.4602,1.4611,0.2803,0.2825,0.3308,0.1804,18670
13,100,500,823,11199,0.000725,1.4586,1.4608,0.2657,0.2808,0.1199,0.1801,18670
13,100,600,823,11299,0.000725,1.4599,1.4606,0.2674,0.279,0.189,0.1772,18670
13,100,700,823,11399,0.000725,1.4583,1.4604,0.2599,0.2775,0.1747,0.1764,18670
13,100,800,823,11499,0.000725,1.4603,1.4603,0.2698,0.2758,0.1772,0.1736,18670
14,100,0,823,11522,0.000725,2.0321,2.0321,0.2526,0.2526,0.1793,0.1793,18670
14,100,100,823,11622,0.000725,1.4595,1.4652,0.2635,0.2611,0.1299,0.1553,18670
14,100,200,823,11722,0.000725,1.4607,1.4625,0.2636,0.2605,0.1049,0.153,18670
14,100,300,823,11822,0.000725,1.4595,1.4616,0.2586,0.259,0.1431,0.1558,18670
14,100,400,823,11922,0.000725,1.4597,1.4611,0.2557,0.2576,0.1448,0.1521,18670
14,100,500,823,12022,0.000725,1.4625,1.4612,0.2461,0.2566,0.0976,0.15,18670
14,100,600,823,12122,0.000725,1.4632,1.4614,0.257,0.2555,0.4033,0.1472,18670
14,100,700,823,12222,0.000725,1.4606,1.4614,0.2503,0.2549,0.2564,0.1473,18670
14,100,800,823,12322,0.000725,1.4591,1.4612,0.25,0.254,0.0979,0.1453,18670
15,100,0,823,12345,0.000725,2.0392,2.0392,0.2556,0.2556,0.0829,0.0829,18670
15,100,100,823,12445,0.000725,1.4592,1.4654,0.2446,0.244,0.1328,0.1192,18670
15,100,200,823,12545,0.000725,1.4594,1.4625,0.2382,0.2433,0.1432,0.1458,18670
15,100,300,823,12645,0.000725,1.4596,1.4615,0.243,0.2426,0.1343,0.1397,18670
15,100,400,823,12745,0.000725,1.4591,1.4611,0.2334,0.2418,0.1132,0.1333,18670
15,100,500,823,12845,0.000725,1.4597,1.4608,0.2312,0.2409,0.1023,0.1315,18670
15,100,600,823,12945,0.000725,1.4599,1.4606,0.2346,0.2399,0.0935,0.1308,18670
15,100,700,823,13045,0.000725,1.4602,1.4606,0.2365,0.239,0.0877,0.1297,18670
15,100,800,823,13145,0.000725,1.4618,1.4605,0.2305,0.2381,0.1448,0.1275,18670
16,100,0,823,13168,0.000725,1.9439,1.9439,0.2417,0.2417,0.0799,0.0799,18670
16,100,100,823,13268,0.000725,1.4625,1.4652,0.2178,0.2295,0.0766,0.1161,18670
16,100,200,823,13368,0.000725,1.4597,1.4628,0.229,0.2293,0.1676,0.1169,18670
16,100,300,823,13468,0.000725,1.4599,1.4619,0.2193,0.2285,0.1517,0.117,18670
16,100,400,823,13568,0.000725,1.4625,1.4618,0.2297,0.2282,0.0879,0.118,18670
16,100,500,823,13668,0.000725,1.4629,1.4619,0.2181,0.2275,0.0606,0.1184,18670
16,100,600,823,13768,0.000725,1.459,1.4617,0.2227,0.2267,0.0662,0.1175,18670
16,100,700,823,13868,0.000725,1.4591,1.4615,0.2138,0.226,0.084,0.1146,18670
16,100,800,823,13968,0.000725,1.4619,1.4615,0.2389,0.2253,0.1439,0.1155,18670
17,100,0,823,13991,0.000725,1.9737,1.9737,0.2227,0.2227,0.1073,0.1073,18670
17,100,100,823,14091,0.000725,1.4624,1.4656,0.2224,0.2188,0.1074,0.1138,18670
17,100,200,823,14191,0.000725,1.4601,1.4632,0.2106,0.2181,0.1321,0.1137,18670
17,100,300,823,14291,0.000725,1.4627,1.4626,0.2176,0.2172,0.0779,0.1082,18670
17,100,400,823,14391,0.000725,1.4606,1.4621,0.2084,0.2163,0.143,0.1087,18670
17,100,500,823,14491,0.000725,1.461,1.4619,0.2148,0.2156,0.114,0.1092,18670
17,100,600,823,14591,0.000725,1.4597,1.4617,0.2126,0.2148,0.108,0.1075,18670
17,100,700,823,14691,0.000725,1.4593,1.4615,0.2041,0.2144,0.0944,0.1077,18670
17,100,800,823,14791,0.000725,1.4598,1.4613,0.215,0.2137,0.1098,0.1065,18670
18,100,0,823,14814,0.000725,1.9992,1.9992,0.2105,0.2105,0.0652,0.0652,18670
18,100,100,823,14914,0.000725,1.4618,1.4661,0.2046,0.2085,0.0532,0.0891,18670
18,100,200,823,15014,0.000725,1.462,1.4639,0.2006,0.2078,0.1179,0.0971,18670
18,100,300,823,15114,0.000725,1.4621,1.4631,0.211,0.2072,0.0593,0.0993,18670
18,100,400,823,15214,0.000725,1.4665,1.4632,0.2037,0.2067,0.0759,0.0986,18670
18,100,500,823,15314,0.000725,1.4639,1.4634,0.2015,0.2063,0.0904,0.0978,18670
18,100,600,823,15414,0.000725,1.463,1.4633,0.2091,0.2058,0.1338,0.097,18670
18,100,700,823,15514,0.000725,1.4622,1.4632,0.2041,0.2053,0.072,0.0955,18670
18,100,800,823,15614,0.000725,1.4625,1.4631,0.2013,0.2049,0.1554,0.096,18670
19,100,0,823,15637,0.000725,2.0537,2.0537,0.2034,0.2034,0.1256,0.1256,18670
19,100,100,823,15737,0.000725,1.464,1.4684,0.1939,0.2,0.102,0.0959,18670
19,100,200,823,15837,0.000725,1.4621,1.4655,0.2033,0.2002,0.0976,0.0889,18670
19,100,300,823,15937,0.000725,1.4623,1.4644,0.1957,0.1998,0.0673,0.0884,18670
19,100,400,823,16037,0.000725,1.4622,1.4639,0.1992,0.1993,0.0632,0.0891,18670
19,100,500,823,16137,0.000725,1.461,1.4636,0.1964,0.199,0.0643,0.0915,18670
19,100,600,823,16237,0.000725,1.4612,1.4634,0.199,0.1986,0.0607,0.0918,18670
19,100,700,823,16337,0.000725,1.4609,1.4632,0.1948,0.1982,0.0967,0.0912,18670
19,100,800,823,16437,0.000725,1.4633,1.463,0.1915,0.1979,0.0717,0.0908,18670
20,100,0,823,16460,0.000725,2.034,2.034,0.2024,0.2024,0.1225,0.1225,18670
20,100,100,823,16560,0.000725,1.4621,1.4677,0.1918,0.1951,0.0803,0.0914,18670
20,100,200,823,16660,0.000725,1.4609,1.4648,0.1927,0.1945,0.0655,0.0867,18670
20,100,300,823,16760,0.000725,1.4621,1.4638,0.1963,0.1944,0.0555,0.089,18670
20,100,400,823,16860,0.000725,1.4614,1.4635,0.4278,0.2429,0.2453,0.1594,18670
20,100,500,823,16960,0.000725,1.4624,1.4633,0.2405,0.2547,0.1329,0.1643,18670
20,100,600,823,17060,0.000725,1.4635,1.4632,0.2157,0.2499,0.1253,0.1588,18670
20,100,700,823,17160,0.000725,1.46,1.4631,0.2107,0.2441,0.0955,0.1534,18670
20,100,800,823,17260,0.000725,1.4629,1.463,0.2005,0.2388,0.1097,0.1474,18670
21,100,0,823,17283,0.000725,1.8914,1.8914,0.1959,0.1959,0.1161,0.1161,18670
21,100,100,823,17383,0.000725,1.461,1.4658,0.2022,0.198,0.0883,0.0865,18670
21,100,200,823,17483,0.000725,1.4617,1.4644,0.2042,0.197,0.0963,0.0889,18670
21,100,300,823,17583,0.000725,1.4621,1.4638,0.195,0.1962,0.0609,0.0895,18670
21,100,400,823,17683,0.000725,1.4603,1.4634,0.1885,0.1955,0.1112,0.0887,18670
21,100,500,823,17783,0.000725,1.4632,1.4632,0.1919,0.195,0.0645,0.0884,18670
21,100,600,823,17883,0.000725,1.4609,1.4631,0.1945,0.1945,0.0717,0.0885,18670
21,100,700,823,17983,0.000725,1.4642,1.463,0.1893,0.1941,0.0883,0.0868,18670
21,100,800,823,18083,0.000725,1.4616,1.463,0.1909,0.1937,0.0653,0.0862,18670
22,100,0,823,18106,0.000725,2.0515,2.0515,0.1912,0.1912,0.0761,0.0761,18670
22,100,100,823,18206,0.000725,1.463,1.4686,0.1871,0.1904,0.0886,0.0864,18670
22,100,200,823,18306,0.000725,1.463,1.4658,0.1901,0.1903,0.0694,0.0821,18670
22,100,300,823,18406,0.000725,1.4636,1.4649,0.1865,0.1902,0.0568,0.0817,18670
22,100,400,823,18506,0.000725,1.4637,1.4643,0.1848,0.1899,0.0972,0.0807,18670
22,100,500,823,18606,0.000725,1.4634,1.4639,0.1834,0.1897,0.0784,0.078,18670
22,100,600,823,18706,0.000725,1.4624,1.4639,0.1891,0.1895,0.0733,0.0779,18670
22,100,700,823,18806,0.000725,1.4647,1.464,0.1899,0.1894,0.0573,0.0784,18670
22,100,800,823,18906,0.000725,1.463,1.4639,0.1908,0.1893,0.0467,0.0779,18670
23,100,0,823,18929,0.000725,2.0159,2.0159,0.1898,0.1898,0.0622,0.0622,18670
23,100,100,823,19029,0.000725,1.4623,1.4683,0.1875,0.1882,0.05,0.0784,18670
23,100,200,823,19129,0.000725,1.4632,1.4655,0.1837,0.1878,0.0516,0.0746,18670
23,100,300,823,19229,0.000725,1.463,1.4645,0.1835,0.1875,0.0498,0.0751,18670
23,100,400,823,19329,0.000725,1.4633,1.4642,0.1844,0.1874,0.0524,0.0769,18670
23,100,500,823,19429,0.000725,1.4638,1.464,0.1849,0.1872,0.0717,0.0772,18670
23,100,600,823,19529,0.000725,1.4622,1.4638,0.1864,0.1871,0.0752,0.0765,18670
23,100,700,823,19629,0.000725,1.4655,1.4637,0.1841,0.187,0.0665,0.0774,18670
23,100,800,823,19729,0.000725,1.4623,1.4635,0.1824,0.1868,0.097,0.0758,18670
24,100,0,823,19752,0.000725,1.9734,1.9734,0.1793,0.1793,0.0865,0.0865,18670
24,100,100,823,19852,0.000725,1.4624,1.4672,0.1729,0.185,0.0613,0.0768,18670
24,100,200,823,19952,0.000725,1.4613,1.4647,0.1823,0.1852,0.0491,0.0758,18670
24,100,300,823,20052,0.000725,1.4615,1.4639,0.1784,0.185,0.1033,0.0768,18670
24,100,400,823,20152,0.000725,1.4641,1.4634,0.1838,0.1847,0.0519,0.0767,18670
24,100,500,823,20252,0.000725,1.4591,1.463,0.181,0.1846,0.0761,0.0757,18670
24,100,600,823,20352,0.000725,1.4629,1.4626,0.1877,0.1847,0.0749,0.0771,18670
24,100,700,823,20452,0.000725,1.4601,1.4624,0.1788,0.1845,0.0682,0.0763,18670
24,100,800,823,20552,0.000725,1.4609,1.4622,0.1906,0.1843,0.0573,0.0763,18670
25,100,0,823,20575,0.000725,2.0705,2.0705,0.1871,0.1871,0.0719,0.0719,18670
25,100,100,823,20675,0.000725,1.4601,1.4664,0.1831,0.1833,0.0971,0.0693,18670
25,100,200,823,20775,0.000725,1.4628,1.4637,0.1786,0.1833,0.0422,0.0707,18670
25,100,300,823,20875,0.000725,1.4608,1.4628,0.1801,0.1831,0.0792,0.0714,18670
25,100,400,823,20975,0.000725,1.4608,1.4623,0.1891,0.1827,0.0388,0.0705,18670
25,100,500,823,21075,0.000725,1.4627,1.4621,0.1748,0.1825,0.0417,0.0718,18670
25,100,600,823,21175,0.000725,1.4602,1.462,0.175,0.1823,0.0806,0.0725,18670
25,100,700,823,21275,0.000725,1.4616,1.4619,0.1853,0.1823,0.0981,0.0733,18670
25,100,800,823,21375,0.000725,1.4613,1.4619,0.1818,0.1823,0.0793,0.0726,18670
26,100,0,823,21398,0.000725,1.9246,1.9246,0.1808,0.1808,0.0537,0.0537,18670
26,100,100,823,21498,0.000725,1.4631,1.4658,0.1844,0.181,0.0424,0.069,18670
26,100,200,823,21598,0.000725,1.4604,1.4636,0.18,0.1806,0.0513,0.0698,18670
26,100,300,823,21698,0.000725,1.4611,1.4629,0.1759,0.1808,0.0695,0.0689,18670
26,100,400,823,21798,0.000725,1.4622,1.4627,0.1813,0.1806,0.0904,0.0701,18670
26,100,500,823,21898,0.000725,1.463,1.4626,0.1747,0.1805,0.0601,0.0709,18670
26,100,600,823,21998,0.000725,1.4605,1.4624,0.1826,0.1803,0.0891,0.0704,18670
26,100,700,823,22098,0.000725,1.462,1.4622,0.1781,0.1804,0.1157,0.0699,18670
26,100,800,823,22198,0.000725,1.4625,1.4621,0.1833,0.1803,0.1127,0.07,18670
27,100,0,823,22221,0.000725,2.0121,2.0121,0.181,0.181,0.0721,0.0721,18670
27,100,100,823,22321,0.000725,1.4588,1.4661,0.1772,0.1785,0.0506,0.0633,18670
27,100,200,823,22421,0.000725,1.4615,1.4635,0.1857,0.1787,0.0548,0.068,18670
27,100,300,823,22521,0.000725,1.46,1.4626,0.176,0.1786,0.0478,0.0692,18670
27,100,400,823,22621,0.000725,1.4613,1.462,0.1759,0.1784,0.0879,0.0698,18670
27,100,500,823,22721,0.000725,1.46,1.4618,0.1768,0.1782,0.0463,0.0703,18670
27,100,600,823,22821,0.000725,1.4591,1.4615,0.1765,0.1781,0.1218,0.0704,18670
27,100,700,823,22921,0.000725,1.4593,1.4614,0.179,0.1781,0.0506,0.0696,18670
27,100,800,823,23021,0.000725,1.4613,1.4613,0.1776,0.1781,0.0974,0.0696,18670
28,100,0,823,23044,0.000725,2.0332,2.0332,0.1794,0.1794,0.0822,0.0822,18670
28,100,100,823,23144,0.000725,1.4611,1.4663,0.179,0.1775,0.0469,0.0707,18670
28,100,200,823,23244,0.000725,1.461,1.4637,0.1758,0.1772,0.0433,0.0669,18670
28,100,300,823,23344,0.000725,1.4594,1.4628,0.1776,0.1769,0.0656,0.0666,18670
28,100,400,823,23444,0.000725,1.4607,1.4625,0.1764,0.1768,0.0876,0.0674,18670
28,100,500,823,23544,0.000725,1.4609,1.4624,0.1806,0.1767,0.0436,0.0681,18670
28,100,600,823,23644,0.000725,1.4616,1.4623,0.1776,0.1766,0.0445,0.0675,18670
28,100,700,823,23744,0.000725,1.4614,1.4621,0.1727,0.1765,0.0509,0.0675,18670
28,100,800,823,23844,0.000725,1.46,1.4621,0.1775,0.1764,0.0725,0.0672,18670
29,100,0,823,23867,0.000725,2.0086,2.0086,0.1724,0.1724,0.107,0.107,18670
29,100,100,823,23967,0.000725,1.461,1.4657,0.1774,0.1761,0.0629,0.0688,18670
29,100,200,823,24067,0.000725,1.4616,1.4636,0.178,0.1758,0.0549,0.0659,18670
29,100,300,823,24167,0.000725,1.4608,1.4629,0.1788,0.1755,0.0938,0.0638,18670
29,100,400,823,24267,0.000725,1.4605,1.4627,0.1694,0.1753,0.0431,0.0654,18670
29,100,500,823,24367,0.000725,1.4629,1.4626,0.1756,0.1752,0.06,0.0651,18670
29,100,600,823,24467,0.000725,1.4621,1.4625,0.1749,0.1751,0.0655,0.0662,18670
29,100,700,823,24567,0.000725,1.4624,1.4624,0.1708,0.175,0.0668,0.0666,18670
29,100,800,823,24667,0.000725,1.4631,1.4624,0.1763,0.175,0.0614,0.0674,18670
30,100,0,823,24690,0.000725,2.0435,2.0435,0.1653,0.1653,0.0558,0.0558,18670
30,100,100,823,24790,0.000725,1.4631,1.4676,0.1703,0.1733,0.0382,0.0654,18670
30,100,200,823,24890,0.000725,1.4636,1.4649,0.1711,0.1731,0.0527,0.0654,18670
30,100,300,823,24990,0.000725,1.4649,1.4645,0.1784,0.1734,0.0597,0.064,18670
30,100,400,823,25090,0.000725,1.4616,1.4642,0.1774,0.1732,0.0491,0.0631,18670
30,100,500,823,25190,0.000725,1.4641,1.4639,0.1805,0.1748,0.0821,0.0822,18670
30,100,600,823,25290,0.000725,1.4618,1.4635,0.1717,0.1745,0.0668,0.0781,18670
30,100,700,823,25390,0.000725,1.4626,1.4633,0.1796,0.1742,0.0898,0.0753,18670
30,100,800,823,25490,0.000725,1.4621,1.4631,0.1755,0.174,0.0523,0.0735,18670
31,100,0,823,25513,0.000725,1.8879,1.8879,0.1717,0.1717,0.0703,0.0703,18670
31,100,100,823,25613,0.000725,1.4628,1.4659,0.1773,0.1715,0.0694,0.0596,18670
31,100,200,823,25713,0.000725,1.4625,1.4641,0.1742,0.1716,0.0355,0.0585,18670
31,100,300,823,25813,0.000725,1.4616,1.4635,0.172,0.1716,0.0566,0.0576,18670
31,100,400,823,25913,0.000725,1.4622,1.4632,0.1696,0.1715,0.0668,0.0592,18670
31,100,500,823,26013,0.000725,1.462,1.4629,0.167,0.1715,0.0556,0.0592,18670
31,100,600,823,26113,0.000725,1.4596,1.4627,0.1714,0.1715,0.0599,0.0612,18670
31,100,700,823,26213,0.000725,1.4611,1.4626,0.1761,0.1713,0.0545,0.0609,18670
31,100,800,823,26313,0.000725,1.4611,1.4625,0.1709,0.1714,0.086,0.0613,18670
32,100,0,823,26336,0.000725,1.9832,1.9832,0.171,0.171,0.0572,0.0572,18670
32,100,100,823,26436,0.000725,1.4615,1.4661,0.1697,0.1708,0.0978,0.0529,18670
32,100,200,823,26536,0.000725,1.4583,1.4635,0.1726,0.1708,0.0353,0.0562,18670
32,100,300,823,26636,0.000725,1.4598,1.4625,0.1752,0.1709,0.052,0.0561,18670
32,100,400,823,26736,0.000725,1.4609,1.4618,0.1698,0.1707,0.0717,0.0576,18670
32,100,500,823,26836,0.000725,1.4644,1.4619,0.1688,0.1706,0.0592,0.0587,18670
32,100,600,823,26936,0.000725,1.4656,1.4622,0.1651,0.1705,0.062,0.0596,18670
32,100,700,823,27036,0.000725,1.463,1.4623,0.169,0.1704,0.0442,0.0597,18670
32,100,800,823,27136,0.000725,1.4605,1.4623,0.1717,0.1704,0.0916,0.0607,18670
33,100,0,823,27159,0.000725,2.0047,2.0047,0.1683,0.1683,0.0437,0.0437,18670
33,100,100,823,27259,0.000725,1.4641,1.4674,0.1642,0.1697,0.0604,0.0608,18670
33,100,200,823,27359,0.000725,1.4612,1.4649,0.1723,0.1697,0.0651,0.0583,18670
33,100,300,823,27459,0.000725,1.4618,1.4641,0.1696,0.1695,0.0632,0.0574,18670
33,100,400,823,27559,0.000725,1.4628,1.4636,0.1692,0.1694,0.0485,0.0584,18670
33,100,500,823,27659,0.000725,1.4601,1.4632,0.1635,0.1693,0.0521,0.0582,18670
33,100,600,823,27759,0.000725,1.4598,1.4629,0.1622,0.1692,0.0632,0.0586,18670
33,100,700,823,27859,0.000725,1.4615,1.4627,0.1678,0.1692,0.056,0.059,18670
33,100,800,823,27959,0.000725,1.463,1.4625,0.1719,0.1691,0.0501,0.0592,18670
34,100,0,823,27982,0.000725,1.963,1.963,0.1709,0.1709,0.0761,0.0761,18670
34,100,100,823,28082,0.000725,1.4613,1.4668,0.1688,0.1684,0.0643,0.0616,18670
34,100,200,823,28182,0.000725,1.4612,1.4643,0.1663,0.1683,0.0446,0.0589,18670
34,100,300,823,28282,0.000725,1.4628,1.4635,0.171,0.1684,0.0495,0.0613,18670
34,100,400,823,28382,0.000725,1.461,1.4631,0.167,0.1685,0.0411,0.0602,18670
34,100,500,823,28482,0.000725,1.4619,1.4628,0.1652,0.1685,0.048,0.0612,18670
34,100,600,823,28582,0.000725,1.4609,1.4625,0.1707,0.1684,0.0362,0.0624,18670
34,100,700,823,28682,0.000725,1.4609,1.4624,0.1674,0.1684,0.0375,0.0613,18670
34,100,800,823,28782,0.000725,1.4593,1.4622,0.1617,0.1683,0.0363,0.0609,18670
35,100,0,823,28805,0.000725,2.0252,2.0252,0.1702,0.1702,0.0321,0.0321,18670
35,100,100,823,28905,0.000725,1.4646,1.4674,0.1649,0.1675,0.0702,0.0605,18670
35,100,200,823,29005,0.000725,1.4644,1.4661,0.1617,0.1679,0.0406,0.0593,18670
35,100,300,823,29105,0.000725,1.4634,1.4654,0.1708,0.1679,0.0618,0.0595,18670
35,100,400,823,29205,0.000725,1.4621,1.4648,0.1648,0.1676,0.0647,0.0611,18670
35,100,500,823,29305,0.000725,1.4625,1.4644,0.166,0.1673,0.0835,0.0609,18670
35,100,600,823,29405,0.000725,1.4566,1.4637,0.8321,0.2222,0.0142,0.0777,18670
35,100,700,823,29505,0.000725,1.4578,1.4626,0.8319,0.31,0.0181,0.0681,18670
35,100,800,823,29605,0.000725,1.4604,1.462,0.8359,0.3757,0.075,0.0627,18670
36,100,0,823,29628,0.000725,1.9161,1.9161,0.8427,0.8427,0.0479,0.0479,18670
36,100,100,823,29728,0.000725,1.458,1.4619,0.8383,0.8391,0.0262,0.0992,18670
36,100,200,823,29828,0.000725,1.457,1.4594,0.8345,0.8387,0.0061,0.0549,18670
36,100,300,823,29928,0.000725,1.4587,1.4588,0.8034,0.837,0.1008,0.0505,18670
36,100,400,823,30028,0.000725,1.4592,1.4586,0.8055,0.8351,0.533,0.0729,18670
36,100,500,823,30128,0.000725,1.4612,1.4589,0.492,0.7898,0.1285,0.1203,18670
36,100,600,823,30228,0.000725,1.463,1.4593,0.4101,0.7316,0.1602,0.133,18670
36,100,700,823,30328,0.000725,1.4612,1.4595,0.3181,0.6785,0.1011,0.1381,18670
36,100,800,823,30428,0.000725,1.461,1.4597,0.2992,0.6327,0.2093,0.1421,18670
37,100,0,823,30451,0.000725,1.9966,1.9966,0.2962,0.2962,0.1702,0.1702,18670
37,100,100,823,30551,0.000725,1.4606,1.465,0.2673,0.2765,0.1692,0.1616,18670
37,100,200,823,30651,0.000725,1.4601,1.4627,0.2475,0.2661,0.0701,0.1496,18670
37,100,300,823,30751,0.000725,1.4625,1.4621,0.2326,0.2573,0.0856,0.1479,18670
37,100,400,823,30851,0.000725,1.4643,1.4623,0.2307,0.2489,0.1744,0.1472,18670
37,100,500,823,30951,0.000725,1.462,1.4626,0.2079,0.2405,0.1699,0.1451,18670
37,100,600,823,31051,0.000725,1.4621,1.4627,0.1856,0.2329,0.0609,0.1414,18670
37,100,700,823,31151,0.000725,1.4615,1.4627,0.191,0.226,0.1376,0.1363,18670
37,100,800,823,31251,0.000725,1.4631,1.4627,0.1804,0.2201,0.0762,0.1323,18670
38,100,0,823,31274,0.000725,1.9646,1.9646,0.1786,0.1786,0.1101,0.1101,18670
38,100,100,823,31374,0.000725,1.4627,1.4678,0.1757,0.1759,0.0678,0.0966,18670
38,100,200,823,31474,0.000725,1.4627,1.4655,0.1745,0.1751,0.0837,0.0903,18670
38,100,300,823,31574,0.000725,1.4615,1.4646,0.1698,0.1745,0.0755,0.0888,18670
38,100,400,823,31674,0.000725,1.4621,1.4641,0.1676,0.1738,0.0625,0.0848,18670
38,100,500,823,31774,0.000725,1.4612,1.4636,0.1704,0.1732,0.045,0.0825,18670
38,100,600,823,31874,0.000725,1.4624,1.4633,0.1712,0.1728,0.0566,0.0813,18670
38,100,700,823,31974,0.000725,1.4604,1.463,0.1713,0.1724,0.045,0.0797,18670
38,100,800,823,32074,0.000725,1.4593,1.4627,0.1732,0.172,0.1088,0.0793,18670
39,100,0,823,32097,0.000725,2.0273,2.0273,0.1675,0.1675,0.0478,0.0478,18670
39,100,100,823,32197,0.000725,1.4597,1.4652,0.1675,0.1688,0.0705,0.0703,18670
39,100,200,823,32297,0.000725,1.4628,1.4627,0.1624,0.1687,0.061,0.0684,18670
39,100,300,823,32397,0.000725,1.4601,1.4619,0.1658,0.1684,0.0788,0.0687,18670
39,100,400,823,32497,0.000725,1.4617,1.4616,0.173,0.1685,0.107,0.0683,18670
39,100,500,823,32597,0.000725,1.4611,1.4615,0.1654,0.1685,0.0396,0.0675,18670
39,100,600,823,32697,0.000725,1.4593,1.4614,0.174,0.1684,0.053,0.0665,18670
39,100,700,823,32797,0.000725,1.4622,1.4612,0.1698,0.1683,0.0647,0.0659,18670
39,100,800,823,32897,0.000725,1.4593,1.4611,0.1671,0.1682,0.0673,0.0662,18670
40,100,0,823,32920,0.000725,2.0027,2.0027,0.163,0.163,0.0417,0.0417,18670
40,100,100,823,33020,0.000725,1.4604,1.4649,0.162,0.1676,0.0574,0.0674,18670
40,100,200,823,33120,0.000725,1.4604,1.4623,0.1656,0.1672,0.0559,0.0663,18670
40,100,300,823,33220,0.000725,1.4615,1.4619,0.1684,0.167,0.074,0.0663,18670
40,100,400,823,33320,0.000725,1.4636,1.462,0.1669,0.1671,0.0504,0.0649,18670
40,100,500,823,33420,0.000725,1.4585,1.462,0.1683,0.1672,0.0686,0.0647,18670
40,100,600,823,33520,0.000725,1.4622,1.4619,0.1645,0.167,0.0549,0.0637,18670
40,100,700,823,33620,0.000725,1.4608,1.4619,0.171,0.1669,0.0495,0.0634,18670
40,100,800,823,33720,0.000725,1.4616,1.4619,0.1692,0.1668,0.0505,0.0624,18670
41,100,0,823,33743,0.000725,1.9332,1.9332,0.1715,0.1715,0.0922,0.0922,18670
41,100,100,823,33843,0.000725,1.4594,1.4658,0.1705,0.1665,0.0539,0.0622,18670
41,100,200,823,33943,0.000725,1.4604,1.4637,0.1643,0.1666,0.0542,0.0626,18670
41,100,300,823,34043,0.000725,1.4618,1.4629,0.1653,0.1662,0.0593,0.0618,18670
41,100,400,823,34143,0.000725,1.461,1.4627,0.1665,0.166,0.0888,0.06,18670
41,100,500,823,34243,0.000725,1.4602,1.4624,0.1634,0.166,0.0528,0.0596,18670
41,100,600,823,34343,0.000725,1.4609,1.4622,0.1647,0.1659,0.0858,0.0588,18670
41,100,700,823,34443,0.000725,1.4639,1.4621,0.1683,0.1659,0.0905,0.0582,18670
41,100,800,823,34543,0.000725,1.4627,1.4623,0.1647,0.1658,0.0818,0.0588,18670
42,100,0,823,34566,0.000725,1.9789,1.9789,0.1614,0.1614,0.0614,0.0614,18670
42,100,100,823,34666,0.000725,1.4625,1.4671,0.1616,0.1657,0.062,0.0598,18670
42,100,200,823,34766,0.000725,1.4632,1.4645,0.1649,0.1652,0.0442,0.0601,18670
42,100,300,823,34866,0.000725,1.4615,1.4635,0.1672,0.1652,0.0656,0.0585,18670
42,100,400,823,34966,0.000725,1.4624,1.463,0.169,0.1652,0.0738,0.0571,18670
42,100,500,823,35066,0.000725,1.4611,1.4627,0.1677,0.1653,0.0344,0.057,18670
42,100,600,823,35166,0.000725,1.4598,1.4624,0.1707,0.1653,0.0919,0.0589,18670
42,100,700,823,35266,0.000725,1.4621,1.4622,0.1649,0.1653,0.0424,0.0582,18670
42,100,800,823,35366,0.000725,1.4621,1.4621,0.1665,0.1652,0.0386,0.0579,18670
43,100,0,823,35389,0.000725,2.0032,2.0032,0.1656,0.1656,0.031,0.031,18670
43,100,100,823,35489,0.000725,1.4636,1.4688,0.1749,0.1643,0.0487,0.0542,18670
43,100,200,823,35589,0.000725,1.4626,1.4659,0.1622,0.1643,0.0525,0.0533,18670
43,100,300,823,35689,0.000725,1.4585,1.4645,0.1679,0.1644,0.0577,0.0534,18670
43,100,400,823,35789,0.000725,1.4629,1.4639,0.1589,0.1644,0.0464,0.0535,18670
43,100,500,823,35889,0.000725,1.4635,1.4639,0.1631,0.1645,0.0305,0.0539,18670
43,100,600,823,35989,0.000725,1.464,1.464,0.1667,0.1644,0.0692,0.0545,18670
43,100,700,823,36089,0.000725,1.4612,1.4639,0.167,0.1644,0.0585,0.0549,18670
43,100,800,823,36189,0.000725,1.4632,1.4637,0.1652,0.1644,0.0619,0.0553,18670
44,100,0,823,36212,0.000725,2.0541,2.0541,0.1672,0.1672,0.0408,0.0408,18670
44,100,100,823,36312,0.000725,1.4622,1.4674,0.1628,0.1639,0.0485,0.0525,18670
44,100,200,823,36412,0.000725,1.4629,1.4644,0.1653,0.1642,0.0358,0.0541,18670
44,100,300,823,36512,0.000725,1.4609,1.4635,0.1661,0.1641,0.0465,0.0541,18670
44,100,400,823,36612,0.000725,1.4642,1.4631,0.166,0.164,0.0436,0.0543,18670
44,100,500,823,36712,0.000725,1.4626,1.463,0.1603,0.1639,0.0392,0.0554,18670
44,100,600,823,36812,0.000725,1.462,1.4629,0.1631,0.1638,0.0388,0.0545,18670
44,100,700,823,36912,0.000725,1.4624,1.4628,0.1586,0.1638,0.0532,0.0534,18670
44,100,800,823,37012,0.000725,1.4604,1.4627,0.1674,0.1637,0.0668,0.054,18670
45,100,0,823,37035,0.000725,2.0275,2.0275,0.1572,0.1572,0.0502,0.0502,18670
45,100,100,823,37135,0.000725,1.4603,1.466,0.1627,0.1639,0.0509,0.0564,18670
45,100,200,823,37235,0.000725,1.4609,1.4631,0.1684,0.1635,0.0373,0.0539,18670
45,100,300,823,37335,0.000725,1.4622,1.463,0.1626,0.1631,0.0467,0.0519,18670
45,100,400,823,37435,0.000725,1.4614,1.4628,0.1627,0.1632,0.0645,0.053,18670
45,100,500,823,37535,0.000725,1.4598,1.4625,0.1592,0.163,0.042,0.053,18670
45,100,600,823,37635,0.000725,1.4612,1.4621,0.1643,0.163,0.0429,0.0523,18670
45,100,700,823,37735,0.000725,1.4628,1.4621,0.163,0.163,0.0404,0.0531,18670
45,100,800,823,37835,0.000725,1.462,1.4622,0.1622,0.163,0.1054,0.0535,18670
46,100,0,823,37858,0.000725,1.8994,1.8994,0.1665,0.1665,0.0421,0.0421,18670
46,100,100,823,37958,0.000725,1.4618,1.4656,0.1661,0.1628,0.0762,0.0542,18670
46,100,200,823,38058,0.000725,1.4619,1.4632,0.1589,0.1625,0.0512,0.0521,18670
46,100,300,823,38158,0.000725,1.4624,1.4624,0.1579,0.1626,0.0624,0.0545,18670
46,100,400,823,38258,0.000725,1.4597,1.4619,0.1602,0.1624,0.0554,0.0543,18670
46,100,500,823,38358,0.000725,1.4605,1.4617,0.1615,0.1626,0.0636,0.0545,18670
46,100,600,823,38458,0.000725,1.4601,1.4614,0.1533,0.1625,0.0392,0.0545,18670
46,100,700,823,38558,0.000725,1.4607,1.4612,0.1596,0.1624,0.0326,0.0539,18670
46,100,800,823,38658,0.000725,1.46,1.461,0.1594,0.1624,0.0353,0.0535,18670
47,100,0,823,38681,0.000725,1.9661,1.9661,0.1639,0.1639,0.0434,0.0434,18670
47,100,100,823,38781,0.000725,1.4602,1.4667,0.1614,0.1625,0.0378,0.0551,18670
47,100,200,823,38881,0.000725,1.4597,1.4634,0.1605,0.1619,0.0572,0.0546,18670
47,100,300,823,38981,0.000725,1.4606,1.4621,0.1598,0.1619,0.0468,0.0557,18670
47,100,400,823,39081,0.000725,1.4596,1.4614,0.1668,0.162,0.084,0.0536,18670
47,100,500,823,39181,0.000725,1.4601,1.4612,0.1651,0.1621,0.0449,0.0553,18670
47,100,600,823,39281,0.000725,1.4604,1.4611,0.162,0.162,0.0934,0.0546,18670
47,100,700,823,39381,0.000725,1.4616,1.461,0.1608,0.162,0.0521,0.0537,18670
47,100,800,823,39481,0.000725,1.4595,1.4609,0.1606,0.1619,0.0402,0.0526,18670
48,100,0,823,39504,0.000725,2.0667,2.0667,0.1586,0.1586,0.0504,0.0504,18670
48,100,100,823,39604,0.000725,1.4608,1.4663,0.164,0.1614,0.0536,0.0479,18670
48,100,200,823,39704,0.000725,1.46,1.4631,0.1563,0.1617,0.0396,0.0498,18670
48,100,300,823,39804,0.000725,1.4593,1.4619,0.164,0.1616,0.0472,0.0509,18670
48,100,400,823,39904,0.000725,1.4597,1.4613,0.1665,0.1616,0.0894,0.0505,18670
48,100,500,823,40004,0.000725,1.4649,1.4614,0.1578,0.1615,0.0362,0.0516,18670
48,100,600,823,40104,0.000725,1.4624,1.4616,0.1552,0.1614,0.1129,0.051,18670
48,100,700,823,40204,0.000725,1.4608,1.4616,0.1639,0.1614,0.05,0.0517,18670
48,100,800,823,40304,0.000725,1.4625,1.4615,0.1621,0.1613,0.0425,0.0512,18670
49,100,0,823,40327,0.000725,2.0588,2.0588,0.1621,0.1621,0.0611,0.0611,18670
49,100,100,823,40427,0.000725,1.4597,1.4662,0.1639,0.1607,0.0453,0.0455,18670
49,100,200,823,40527,0.000725,1.4617,1.4636,0.158,0.161,0.0638,0.0452,18670
49,100,300,823,40627,0.000725,1.4622,1.4629,0.1598,0.1612,0.0685,0.0479,18670
49,100,400,823,40727,0.000725,1.4609,1.4625,0.1573,0.1609,0.0496,0.0493,18670
49,100,500,823,40827,0.000725,1.4608,1.4623,0.1553,0.1609,0.0457,0.0496,18670
49,100,600,823,40927,0.000725,1.4613,1.462,0.154,0.1609,0.0347,0.0503,18670
49,100,700,823,41027,0.000725,1.4606,1.4619,0.1586,0.1609,0.064,0.051,18670
49,100,800,823,41127,0.000725,1.4599,1.4617,0.155,0.1608,0.0522,0.0509,18670
50,100,0,823,41150,0.000725,1.9726,1.9726,0.1556,0.1556,0.041,0.041,18670
50,100,100,823,41250,0.000725,1.4602,1.4647,0.1585,0.1606,0.035,0.0548,18670
50,100,200,823,41350,0.000725,1.4613,1.4624,0.1597,0.1607,0.0318,0.0522,18670
50,100,300,823,41450,0.000725,1.463,1.4622,0.1544,0.1606,0.0752,0.0511,18670
50,100,400,823,41550,0.000725,1.4617,1.462,0.157,0.1608,0.0494,0.0513,18670
50,100,500,823,41650,0.000725,1.4594,1.4616,0.1604,0.1607,0.0835,0.051,18670
50,100,600,823,41750,0.000725,1.4598,1.4613,0.1544,0.1605,0.087,0.0512,18670
50,100,700,823,41850,0.000725,1.4559,1.4609,0.5408,0.1829,0.2588,0.0857,18670
50,100,800,823,41950,0.000725,1.4599,1.4606,0.2754,0.2108,0.1143,0.0991,18670
51,100,0,823,41973,0.000725,1.9055,1.9055,0.252,0.252,0.347,0.347,18670
51,100,100,823,42073,0.000725,1.4615,1.4651,0.1772,0.196,0.1085,0.1131,18670
51,100,200,823,42173,0.000725,1.4597,1.4632,0.1634,0.1839,0.0672,0.0963,18670
51,100,300,823,42273,0.000725,1.4601,1.4623,0.1672,0.1778,0.0806,0.0906,18670
51,100,400,823,42373,0.000725,1.4593,1.4617,0.1613,0.1744,0.0968,0.0855,18670
51,100,500,823,42473,0.000725,1.4602,1.4612,0.1605,0.172,0.1096,0.0813,18670
51,100,600,823,42573,0.000725,1.4595,1.461,0.1613,0.1703,0.044,0.0799,18670
51,100,700,823,42673,0.000725,1.4594,1.4608,0.1566,0.1691,0.0855,0.0769,18670
51,100,800,823,42773,0.000725,1.464,1.4609,0.1614,0.1681,0.0416,0.0749,18670
52,100,0,823,42796,0.000725,1.9552,1.9552,0.1616,0.1616,0.0707,0.0707,18670
52,100,100,823,42896,0.000725,1.461,1.4664,0.1667,0.1604,0.0439,0.0549,18670
52,100,200,823,42996,0.000725,1.4607,1.4633,0.1646,0.1603,0.0437,0.0558,18670
52,100,300,823,43096,0.000725,1.4607,1.462,0.1565,0.1601,0.0624,0.0554,18670
52,100,400,823,43196,0.000725,1.4596,1.4614,0.1637,0.1601,0.0498,0.0562,18670
52,100,500,823,43296,0.000725,1.4608,1.4611,0.1525,0.1601,0.03,0.0552,18670
52,100,600,823,43396,0.000725,1.4601,1.461,0.1615,0.1599,0.0485,0.0547,18670
52,100,700,823,43496,0.000725,1.4599,1.4608,0.1538,0.1598,0.0436,0.0548,18670
52,100,800,823,43596,0.000725,1.4609,1.4606,0.1544,0.1598,0.057,0.0549,18670
53,100,0,823,43619,0.000725,2.0656,2.0656,0.1582,0.1582,0.0409,0.0409,18670
53,100,100,823,43719,0.000725,1.4599,1.4656,0.1563,0.1591,0.0585,0.0518,18670
53,100,200,823,43819,0.000725,1.4598,1.4627,0.1616,0.1593,0.0663,0.0507,18670
53,100,300,823,43919,0.000725,1.4607,1.4617,0.1562,0.1591,0.0417,0.051,18670
53,100,400,823,44019,0.000725,1.4593,1.4612,0.1642,0.1591,0.0707,0.0518,18670
53,100,500,823,44119,0.000725,1.4596,1.4609,0.1566,0.159,0.0323,0.0531,18670
53,100,600,823,44219,0.000725,1.4606,1.4609,0.1582,0.159,0.0296,0.053,18670
53,100,700,823,44319,0.000725,1.4616,1.4608,0.1578,0.159,0.0845,0.0537,18670
53,100,800,823,44419,0.000725,1.4633,1.4609,0.1578,0.159,0.0676,0.0534,18670
54,100,0,823,44442,0.000725,2.0102,2.0102,0.1626,0.1626,0.0358,0.0358,18670
54,100,100,823,44542,0.000725,1.461,1.4665,0.1593,0.159,0.0324,0.0491,18670
54,100,200,823,44642,0.000725,1.459,1.4636,0.1603,0.1588,0.0706,0.0511,18670
54,100,300,823,44742,0.000725,1.4608,1.4627,0.1607,0.1587,0.0654,0.0499,18670
54,100,400,823,44842,0.000725,1.4613,1.4621,0.1524,0.1588,0.0335,0.0491,18670
54,100,500,823,44942,0.000725,1.4612,1.4618,0.1596,0.1587,0.0356,0.0493,18670
54,100,600,823,45042,0.000725,1.4621,1.4617,0.1551,0.1587,0.0437,0.0496,18670
54,100,700,823,45142,0.000725,1.4589,1.4615,0.1554,0.1587,0.0805,0.0495,18670
54,100,800,823,45242,0.000725,1.4616,1.4612,0.1549,0.1587,0.0562,0.0497,18670
55,100,0,823,45265,0.000725,1.996,1.996,0.1608,0.1608,0.0561,0.0561,18670
55,100,100,823,45365,0.000725,1.4586,1.4649,0.158,0.1592,0.0712,0.0507,18670
55,100,200,823,45465,0.000725,1.4591,1.4622,0.1541,0.1589,0.0326,0.0505,18670
55,100,300,823,45565,0.000725,1.4596,1.4613,0.1565,0.1587,0.0441,0.0518,18670
55,100,400,823,45665,0.000725,1.4632,1.4613,0.1627,0.1586,0.0664,0.0498,18670
55,100,500,823,45765,0.000725,1.4612,1.4615,0.1555,0.1586,0.0638,0.0499,18670
55,100,600,823,45865,0.000725,1.4593,1.4613,0.1604,0.1586,0.0589,0.0502,18670
55,100,700,823,45965,0.000725,1.4592,1.4611,0.1576,0.1586,0.0413,0.051,18670
55,100,800,823,46065,0.000725,1.4601,1.4609,0.1585,0.1587,0.0411,0.0505,18670
56,100,0,823,46088,0.000725,1.9291,1.9291,0.1607,0.1607,0.0411,0.0411,18670
56,100,100,823,46188,0.000725,1.4598,1.4634,0.1579,0.1584,0.0353,0.0525,18670
56,100,200,823,46288,0.000725,1.4591,1.4616,0.1616,0.1582,0.0337,0.0499,18670
56,100,300,823,46388,0.000725,1.461,1.461,0.1606,0.1583,0.0558,0.0494,18670
56,100,400,823,46488,0.000725,1.4627,1.4612,0.1636,0.1582,0.057,0.0503,18670
56,100,500,823,46588,0.000725,1.4605,1.4613,0.156,0.1583,0.0364,0.0503,18670
56,100,600,823,46688,0.000725,1.4617,1.4613,0.161,0.1583,0.0351,0.0504,18670
56,100,700,823,46788,0.000725,1.4598,1.4611,0.1584,0.1584,0.0382,0.051,18670
56,100,800,823,46888,0.000725,1.4604,1.461,0.1564,0.1584,0.0419,0.051,18670
57,100,0,823,46911,0.000725,2.038,2.038,0.163,0.163,0.0785,0.0785,18670
57,100,100,823,47011,0.000725,1.4628,1.4658,0.1581,0.1584,0.0762,0.0561,18670
57,100,200,823,47111,0.000725,1.4617,1.464,0.1537,0.1583,0.0472,0.0565,18670
57,100,300,823,47211,0.000725,1.4614,1.4634,0.1583,0.158,0.0484,0.0544,18670
57,100,400,823,47311,0.000725,1.4624,1.4629,0.1633,0.1582,0.0402,0.0526,18670
57,100,500,823,47411,0.000725,1.4604,1.4625,0.158,0.1582,0.039,0.0513,18670
57,100,600,823,47511,0.000725,1.4611,1.4621,0.1625,0.1581,0.0271,0.0512,18670
57,100,700,823,47611,0.000725,1.4607,1.4619,0.1577,0.1581,0.0289,0.0509,18670
57,100,800,823,47711,0.000725,1.4621,1.4619,0.1519,0.158,0.0543,0.0506,18670
58,100,0,823,47734,0.000725,2.0549,2.0549,0.1546,0.1546,0.0515,0.0515,18670
58,100,100,823,47834,0.000725,1.4628,1.4667,0.1586,0.158,0.112,0.055,18670
58,100,200,823,47934,0.000725,1.4613,1.4641,0.1574,0.1581,0.0351,0.0507,18670
58,100,300,823,48034,0.000725,1.46,1.4628,0.1617,0.158,0.0371,0.049,18670
58,100,400,823,48134,0.000725,1.4589,1.4621,0.1535,0.1579,0.0461,0.0503,18670
58,100,500,823,48234,0.000725,1.4617,1.4617,0.1594,0.1578,0.0568,0.0503,18670
58,100,600,823,48334,0.000725,1.4613,1.4617,0.1609,0.1579,0.0275,0.0496,18670
58,100,700,823,48434,0.000725,1.4612,1.4617,0.1609,0.1579,0.0411,0.0499,18670
58,100,800,823,48534,0.000725,1.462,1.4616,0.1596,0.1578,0.042,0.0503,18670
59,100,0,823,48557,0.000725,1.9743,1.9743,0.1544,0.1544,0.0492,0.0492,18670
59,100,100,823,48657,0.000725,1.4612,1.4656,0.1648,0.1579,0.0492,0.0534,18670
59,100,200,823,48757,0.000725,1.46,1.4632,0.162,0.158,0.0698,0.0521,18670
59,100,300,823,48857,0.000725,1.4595,1.4624,0.1631,0.1578,0.0333,0.0508,18670
59,100,400,823,48957,0.000725,1.4599,1.462,0.1574,0.1577,0.0312,0.0525,18670
59,100,500,823,49057,0.000725,1.4631,1.4621,0.1571,0.1577,0.0396,0.0513,18670
59,100,600,823,49157,0.000725,1.4649,1.4623,0.1484,0.1576,0.0354,0.0507,18670
59,100,700,823,49257,0.000725,1.4635,1.4624,0.1585,0.1576,0.0552,0.0513,18670
59,100,800,823,49357,0.000725,1.459,1.4623,0.1538,0.1575,0.0484,0.0502,18670
60,100,0,823,49380,0.000725,1.9675,1.9675,0.1591,0.1591,0.0375,0.0375,18670
60,100,100,823,49480,0.000725,1.46,1.466,0.1547,0.1573,0.0444,0.0487,18670
60,100,200,823,49580,0.000725,1.46,1.4635,0.1559,0.157,0.043,0.0496,18670
60,100,300,823,49680,0.000725,1.4615,1.4625,0.1528,0.1571,0.0573,0.0492,18670
60,100,400,823,49780,0.000725,1.4628,1.4626,0.1533,0.1572,0.0925,0.0481,18670
60,100,500,823,49880,0.000725,1.4613,1.4626,0.1598,0.1572,0.0463,0.0483,18670
60,100,600,823,49980,0.000725,1.4622,1.4624,0.1504,0.1572,0.0703,0.0485,18670
60,100,700,823,50080,0.000725,1.4599,1.4622,0.1578,0.1571,0.0751,0.0487,18670
60,100,800,823,50180,0.000725,1.4588,1.462,0.1583,0.1571,0.0341,0.0494,18670
61,100,0,823,50203,0.000725,1.9358,1.9358,0.1625,0.1625,0.0403,0.0403,18670
61,100,100,823,50303,0.000725,1.4593,1.4644,0.1606,0.1574,0.0487,0.0531,18670
61,100,200,823,50403,0.000725,1.4605,1.4621,0.1633,0.1571,0.0325,0.0514,18670
61,100,300,823,50503,0.000725,1.4594,1.4615,0.1583,0.1572,0.071,0.0505,18670
61,100,400,823,50603,0.000725,1.4602,1.4611,0.1563,0.1572,0.0421,0.0502,18670
61,100,500,823,50703,0.000725,1.4612,1.4608,0.1607,0.1572,0.0323,0.0499,18670
61,100,600,823,50803,0.000725,1.4592,1.4606,0.1571,0.1571,0.1132,0.0494,18670
61,100,700,823,50903,0.000725,1.4596,1.4605,0.1552,0.1571,0.0732,0.0502,18670
61,100,800,823,51003,0.000725,1.4623,1.4605,0.1519,0.1571,0.0291,0.0502,18670
62,100,0,823,51026,0.000725,2.042,2.042,0.155,0.155,0.076,0.076,18670
62,100,100,823,51126,0.000725,1.4625,1.4677,0.1587,0.1568,0.0533,0.0491,18670
62,100,200,823,51226,0.000725,1.4599,1.4646,0.1613,0.1564,0.0439,0.0505,18670
62,100,300,823,51326,0.000725,1.4611,1.4634,0.1529,0.1565,0.0403,0.0501,18670
62,100,400,823,51426,0.000725,1.4607,1.4627,0.1553,0.1566,0.0454,0.0487,18670
62,100,500,823,51526,0.000725,1.459,1.4622,0.1555,0.1565,0.0776,0.0491,18670
62,100,600,823,51626,0.000725,1.4628,1.462,0.1534,0.1565,0.0601,0.0495,18670
62,100,700,823,51726,0.000725,1.4602,1.4618,0.1524,0.1564,0.0384,0.0496,18670
62,100,800,823,51826,0.000725,1.4627,1.4617,0.1526,0.1563,0.0476,0.0494,18670
63,100,0,823,51849,0.000725,1.9562,1.9562,0.1571,0.1571,0.0314,0.0314,18670
63,100,100,823,51949,0.000725,1.4604,1.4647,0.1555,0.1563,0.0765,0.0495,18670
63,100,200,823,52049,0.000725,1.4595,1.4629,0.1626,0.1563,0.0892,0.0497,18670
63,100,300,823,52149,0.000725,1.4605,1.4619,0.1614,0.1564,0.0769,0.0521,18670
63,100,400,823,52249,0.000725,1.4614,1.4615,0.1574,0.1563,0.0592,0.0523,18670
63,100,500,823,52349,0.000725,1.4603,1.4613,0.1595,0.1563,0.0472,0.0515,18670
63,100,600,823,52449,0.000725,1.46,1.4611,0.1561,0.1562,0.0784,0.0507,18670
63,100,700,823,52549,0.000725,1.4617,1.461,0.1514,0.1562,0.0553,0.0508,18670
63,100,800,823,52649,0.000725,1.4631,1.4612,0.1534,0.1562,0.0367,0.0503,18670
64,100,0,823,52672,0.000725,1.9963,1.9963,0.1503,0.1503,0.0439,0.0439,18670
64,100,100,823,52772,0.000725,1.4595,1.4672,0.1531,0.1559,0.0534,0.048,18670
64,100,200,823,52872,0.000725,1.4621,1.4641,0.153,0.1558,0.0906,0.0494,18670
64,100,300,823,52972,0.000725,1.4601,1.463,0.1537,0.1558,0.0455,0.0493,18670
64,100,400,823,53072,0.000725,1.4616,1.4623,0.154,0.1558,0.0262,0.0488,18670
64,100,500,823,53172,0.000725,1.46,1.4619,0.1588,0.1558,0.0417,0.0493,18670
64,100,600,823,53272,0.000725,1.46,1.4616,0.1505,0.1558,0.0572,0.0501,18670
64,100,700,823,53372,0.000725,1.4616,1.4614,0.1558,0.1559,0.0301,0.0496,18670
64,100,800,823,53472,0.000725,1.4605,1.4613,0.1504,0.1559,0.0322,0.0498,18670
65,100,0,823,53495,0.000725,1.9547,1.9547,0.1521,0.1521,0.0388,0.0388,18670
65,100,100,823,53595,0.000725,1.4597,1.4658,0.1504,0.155,0.0401,0.0447,18670
65,100,200,823,53695,0.000725,1.4615,1.4632,0.1533,0.1555,0.046,0.0458,18670
65,100,300,823,53795,0.000725,1.4596,1.462,0.1577,0.1557,0.0376,0.0484,18670
65,100,400,823,53895,0.000725,1.4601,1.4615,0.1548,0.1556,0.0568,0.048,18670
65,100,500,823,53995,0.000725,1.46,1.4611,0.1513,0.1556,0.0557,0.049,18670
65,100,600,823,54095,0.000725,1.4596,1.4609,0.1557,0.1555,0.0385,0.0488,18670
65,100,700,823,54195,0.000725,1.4606,1.4607,0.1599,0.1555,0.033,0.0493,18670
65,100,800,823,54295,0.000725,1.4607,1.4606,0.1605,0.1556,0.0363,0.0492,18670
66,100,0,823,54318,0.000725,1.8844,1.8844,0.1477,0.1477,0.0533,0.0533,18670
66,100,100,823,54418,0.000725,1.4598,1.4636,0.1564,0.1556,0.0368,0.0596,18670
66,100,200,823,54518,0.000725,1.46,1.4616,0.1519,0.1556,0.0328,0.0524,18670
66,100,300,823,54618,0.000725,1.4606,1.4609,0.152,0.1554,0.0615,0.0514,18670
66,100,400,823,54718,0.000725,1.46,1.4606,0.159,0.1553,0.0586,0.0513,18670
66,100,500,823,54818,0.000725,1.4593,1.4604,0.1565,0.1552,0.0484,0.0512,18670
66,100,600,823,54918,0.000725,1.459,1.4602,0.1534,0.1551,0.0296,0.0506,18670
66,100,700,823,55018,0.000725,1.4595,1.4601,0.1509,0.1551,0.0495,0.0504,18670
66,100,800,823,55118,0.000725,1.4612,1.46,0.155,0.1552,0.028,0.0498,18670
67,100,0,823,55141,0.000725,2.031,2.031,0.1514,0.1514,0.0281,0.0281,18670
67,100,100,823,55241,0.000725,1.4595,1.4652,0.1573,0.1549,0.0364,0.0494,18670
67,100,200,823,55341,0.000725,1.4622,1.4627,0.1524,0.1549,0.0342,0.0505,18670
67,100,300,823,55441,0.000725,1.4624,1.4623,0.1599,0.1548,0.0396,0.0494,18670
67,100,400,823,55541,0.000725,1.4582,1.4618,0.1582,0.1547,0.0338,0.0496,18670
67,100,500,823,55641,0.000725,1.46,1.4613,0.1538,0.1548,0.0418,0.0495,18670
67,100,600,823,55741,0.000725,1.4608,1.461,0.1585,0.1548,0.0692,0.0502,18670
67,100,700,823,55841,0.000725,1.4591,1.4608,0.1463,0.1548,0.0572,0.0506,18670
67,100,800,823,55941,0.000725,1.4625,1.4608,0.1519,0.1548,0.0348,0.0515,18670
68,100,0,823,55964,0.000725,2.0228,2.0228,0.1524,0.1524,0.0273,0.0273,18670
68,100,100,823,56064,0.000725,1.4614,1.4668,0.1522,0.1551,0.0433,0.0423,18670
68,100,200,823,56164,0.000725,1.4591,1.4637,0.1621,0.1549,0.0389,0.0466,18670
68,100,300,823,56264,0.000725,1.4611,1.4625,0.1538,0.1548,0.0322,0.0467,18670
68,100,400,823,56364,0.000725,1.4592,1.4619,0.1538,0.1548,0.059,0.0477,18670
68,100,500,823,56464,0.000725,1.4601,1.4614,0.1511,0.1547,0.0657,0.0482,18670
68,100,600,823,56564,0.000725,1.4583,1.4612,0.1539,0.1546,0.0369,0.0477,18670
68,100,700,823,56664,0.000725,1.4613,1.4611,0.1538,0.1545,0.0546,0.0476,18670
68,100,800,823,56764,0.000725,1.4597,1.461,0.1557,0.1546,0.0287,0.0488,18670
69,100,0,823,56787,0.000725,1.996,1.996,0.159,0.159,0.0355,0.0355,18670
69,100,100,823,56887,0.000725,1.46,1.465,0.1526,0.1543,0.0371,0.0563,18670
69,100,200,823,56987,0.000725,1.4602,1.4627,0.1498,0.1538,0.0454,0.0524,18670
69,100,300,823,57087,0.000725,1.4603,1.4618,0.1523,0.1539,0.0556,0.0553,18670
69,100,400,823,57187,0.000725,1.4596,1.4612,0.1574,0.1542,0.067,0.0514,18670
69,100,500,823,57287,0.000725,1.46,1.4609,0.152,0.1542,0.0676,0.0506,18670
69,100,600,823,57387,0.000725,1.4613,1.4609,0.1567,0.1543,0.032,0.05,18670
69,100,700,823,57487,0.000725,1.4603,1.461,0.1501,0.1543,0.0301,0.0505,18670
69,100,800,823,57587,0.000725,1.4601,1.4609,0.1512,0.1543,0.0491,0.0508,18670
70,100,0,823,57610,0.000725,2.0581,2.0581,0.1566,0.1566,0.038,0.038,18670
70,100,100,823,57710,0.000725,1.4611,1.4661,0.1568,0.1538,0.0504,0.0498,18670
70,100,200,823,57810,0.000725,1.4609,1.4637,0.1507,0.154,0.042,0.0484,18670
70,100,300,823,57910,0.000725,1.4608,1.4629,0.1536,0.154,0.0376,0.0505,18670
70,100,400,823,58010,0.000725,1.4622,1.4626,0.1528,0.154,0.047,0.0487,18670
70,100,500,823,58110,0.000725,1.4623,1.4624,0.1483,0.1541,0.032,0.0502,18670
70,100,600,823,58210,0.000725,1.4616,1.4622,0.1513,0.154,0.0362,0.0496,18670
70,100,700,823,58310,0.000725,1.461,1.462,0.1518,0.154,0.0358,0.0499,18670
70,100,800,823,58410,0.000725,1.4606,1.4618,0.1551,0.154,0.1107,0.0497,18670
71,100,0,823,58433,0.000725,1.8843,1.8843,0.1534,0.1534,0.0557,0.0557,18670
71,100,100,823,58533,0.000725,1.4585,1.4637,0.1474,0.1536,0.0583,0.0485,18670
71,100,200,823,58633,0.000725,1.462,1.4625,0.1559,0.1536,0.0909,0.049,18670
71,100,300,823,58733,0.000725,1.4613,1.4625,0.1549,0.1538,0.0351,0.0486,18670
71,100,400,823,58833,0.000725,1.4601,1.4622,0.1505,0.1539,0.0483,0.0497,18670
71,100,500,823,58933,0.000725,1.4603,1.4618,0.155,0.1538,0.0666,0.05,18670
71,100,600,823,59033,0.000725,1.459,1.4616,0.1566,0.1538,0.0398,0.0499,18670
71,100,700,823,59133,0.000725,1.461,1.4614,0.1558,0.1538,0.0321,0.0504,18670
71,100,800,823,59233,0.000725,1.4598,1.4613,0.1507,0.1538,0.0582,0.0501,18670
72,100,0,823,59256,0.000725,2.0663,2.0663,0.1495,0.1495,0.0338,0.0338,18670
72,100,100,823,59356,0.000725,1.4613,1.4668,0.1526,0.1533,0.0831,0.0496,18670
72,100,200,823,59456,0.000725,1.4617,1.4641,0.1528,0.1535,0.0375,0.0533,18670
72,100,300,823,59556,0.000725,1.4625,1.4632,0.154,0.1537,0.0429,0.0533,18670
72,100,400,823,59656,0.000725,1.4599,1.4627,0.1492,0.1536,0.0675,0.0522,18670
72,100,500,823,59756,0.000725,1.4604,1.4622,0.1515,0.1536,0.031,0.0517,18670
72,100,600,823,59856,0.000725,1.4589,1.4618,0.1572,0.1536,0.0328,0.0509,18670
72,100,700,823,59956,0.000725,1.4593,1.4615,0.1619,0.1535,0.0403,0.051,18670
72,100,800,823,60056,0.000725,1.4622,1.4615,0.1628,0.1536,0.0368,0.0509,18670
73,100,0,823,60079,0.000725,1.9597,1.9597,0.1537,0.1537,0.0388,0.0388,18670
73,100,100,823,60179,0.000725,1.4621,1.467,0.1564,0.1539,0.0322,0.0532,18670
73,100,200,823,60279,0.000725,1.4599,1.4641,0.1567,0.1537,0.1017,0.0479,18670
73,100,300,823,60379,0.000725,1.4613,1.4631,0.1583,0.1535,0.0293,0.0494,18670
73,100,400,823,60479,0.000725,1.4614,1.4625,0.1484,0.1534,0.0282,0.0497,18670
73,100,500,823,60579,0.000725,1.4614,1.4622,0.1549,0.1534,0.0319,0.0505,18670
73,100,600,823,60679,0.000725,1.4604,1.4621,0.1486,0.1535,0.0271,0.0501,18670
73,100,700,823,60779,0.000725,1.4612,1.462,0.1507,0.1534,0.0407,0.0504,18670
73,100,800,823,60879,0.000725,1.4615,1.4619,0.1517,0.1535,0.0905,0.0508,18670
74,100,0,823,60902,0.000725,2.0892,2.0892,0.1528,0.1528,0.0535,0.0535,18670
74,100,100,823,61002,0.000725,1.461,1.4678,0.1505,0.1532,0.0389,0.0523,18670
74,100,200,823,61102,0.000725,1.4627,1.4646,0.152,0.1532,0.0313,0.0511,18670
74,100,300,823,61202,0.000725,1.4614,1.4635,0.1568,0.1533,0.0876,0.0499,18670
74,100,400,823,61302,0.000725,1.4626,1.463,0.1514,0.1534,0.0466,0.0505,18670
74,100,500,823,61402,0.000725,1.4615,1.4626,0.1552,0.1534,0.0503,0.0501,18670
74,100,600,823,61502,0.000725,1.4571,1.4623,0.8548,0.189,0.1267,0.0839,18670
74,100,700,823,61602,0.000725,1.4575,1.4617,0.806,0.2795,0.0598,0.1002,18670
74,100,800,823,61702,0.000725,1.4597,1.4614,0.3734,0.3115,0.1738,0.1309,18670
75,100,0,823,61725,0.000725,2.0074,2.0074,0.3426,0.3426,0.2148,0.2148,18670
75,100,100,823,61825,0.000725,1.4596,1.4655,0.2112,0.2665,0.1847,0.2116,18670
75,100,200,823,61925,0.000725,1.4601,1.4629,0.1705,0.2268,0.1168,0.1744,18670
75,100,300,823,62025,0.000725,1.4591,1.4621,0.1593,0.2071,0.1151,0.1618,18670
75,100,400,823,62125,0.000725,1.4606,1.4616,0.1671,0.1958,0.0902,0.15,18670
75,100,500,823,62225,0.000725,1.461,1.4613,0.1592,0.1885,0.1091,0.141,18670
75,100,600,823,62325,0.000725,1.459,1.4612,0.1626,0.1833,0.0723,0.1325,18670
75,100,700,823,62425,0.000725,1.4601,1.461,0.1587,0.1795,0.08,0.1279,18670
75,100,800,823,62525,0.000725,1.4602,1.4609,0.158,0.1766,0.0993,0.1234,18670
76,100,0,823,62548,0.000725,1.9464,1.9464,0.1508,0.1508,0.077,0.077,18670
76,100,100,823,62648,0.000725,1.4587,1.4643,0.1599,0.1551,0.0938,0.0925,18670
76,100,200,823,62748,0.000725,1.4589,1.4619,0.1574,0.1548,0.0974,0.0859,18670
76,100,300,823,62848,0.000725,1.4595,1.4612,0.1537,0.1546,0.0795,0.0828,18670
76,100,400,823,62948,0.000725,1.4635,1.4611,0.1537,0.1545,0.0596,0.0819,18670
76,100,500,823,63048,0.000725,1.4624,1.4613,0.1534,0.1543,0.0871,0.0811,18670
76,100,600,823,63148,0.000725,1.4609,1.4612,0.1557,0.1542,0.0833,0.0803,18670
76,100,700,823,63248,0.000725,1.4615,1.4611,0.1515,0.1541,0.0655,0.0792,18670
76,100,800,823,63348,0.000725,1.46,1.4611,0.1545,0.1539,0.106,0.0793,18670
77,100,0,823,63371,0.000725,2.0564,2.0564,0.1532,0.1532,0.067,0.067,18670
77,100,100,823,63471,0.000725,1.4609,1.4672,0.1569,0.1533,0.0708,0.0673,18670
77,100,200,823,63571,0.000725,1.4604,1.4646,0.1516,0.1533,0.0623,0.0678,18670
77,100,300,823,63671,0.000725,1.4604,1.4635,0.151,0.1531,0.0473,0.0697,18670
77,100,400,823,63771,0.000725,1.4601,1.4629,0.1502,0.1531,0.0898,0.0715,18670
77,100,500,823,63871,0.000725,1.4619,1.4627,0.1586,0.1529,0.0507,0.0692,18670
77,100,600,823,63971,0.000725,1.4612,1.4625,0.1523,0.1529,0.0574,0.0686,18670
77,100,700,823,64071,0.000725,1.4616,1.4623,0.155,0.1529,0.0849,0.0696,18670
77,100,800,823,64171,0.000725,1.4612,1.4622,0.1514,0.1529,0.0442,0.069,18670
78,100,0,823,64194,0.000725,2.0537,2.0537,0.1529,0.1529,0.0489,0.0489,18670
78,100,100,823,64294,0.000725,1.4616,1.4667,0.1523,0.1521,0.0749,0.0619,18670
78,100,200,823,64394,0.000725,1.4631,1.4648,0.1567,0.1522,0.0821,0.0638,18670
78,100,300,823,64494,0.000725,1.4629,1.4645,0.1507,0.1525,0.0505,0.0641,18670
78,100,400,823,64594,0.000725,1.4665,1.4645,0.1546,0.1525,0.0844,0.0647,18670
78,100,500,823,64694,0.000725,1.4634,1.4645,0.1557,0.1524,0.0604,0.0633,18670
78,100,600,823,64794,0.000725,1.4611,1.4644,0.1453,0.1524,0.0751,0.0612,18670
78,100,700,823,64894,0.000725,1.4618,1.4643,0.1507,0.1524,0.0431,0.0623,18670
78,100,800,823,64994,0.000725,1.4617,1.4641,0.1495,0.1525,0.052,0.0622,18670
79,100,0,823,65017,0.000725,2.046,2.046,0.1543,0.1543,0.0598,0.0598,18670
79,100,100,823,65117,0.000725,1.4618,1.4672,0.1568,0.1526,0.0941,0.0605,18670
79,100,200,823,65217,0.000725,1.4637,1.4646,0.1641,0.1527,0.0634,0.0625,18670
79,100,300,823,65317,0.000725,1.4608,1.4638,0.1557,0.1527,0.0458,0.06,18670
79,100,400,823,65417,0.000725,1.462,1.4633,0.1498,0.1526,0.0431,0.0613,18670
79,100,500,823,65517,0.000725,1.4636,1.463,0.1506,0.1526,0.0386,0.0591,18670
79,100,600,823,65617,0.000725,1.46,1.4628,0.1517,0.1526,0.0337,0.0589,18670
79,100,700,823,65717,0.000725,1.4632,1.4626,0.1513,0.1525,0.0732,0.0585,18670
79,100,800,823,65817,0.000725,1.4649,1.4628,0.1516,0.1526,0.0673,0.0585,18670
80,100,0,823,65840,0.000725,2.0672,2.0672,0.1562,0.1562,0.0674,0.0674,18670
80,100,100,823,65940,0.000725,1.4644,1.4704,0.1489,0.1531,0.0686,0.0542,18670
80,100,200,823,66040,0.000725,1.4643,1.4671,0.1494,0.1524,0.0355,0.0547,18670
80,100,300,823,66140,0.000725,1.4652,1.466,0.1477,0.1524,0.0752,0.0554,18670
80,100,400,823,66240,0.000725,1.4625,1.4654,0.1511,0.1525,0.0689,0.0576,18670
80,100,500,823,66340,0.000725,1.4636,1.465,0.1513,0.1525,0.0351,0.0576,18670
80,100,600,823,66440,0.000725,1.4622,1.4647,0.1546,0.1524,0.0459,0.0571,18670
80,100,700,823,66540,0.000725,1.4618,1.4644,0.1539,0.1524,0.0733,0.0562,18670
80,100,800,823,66640,0.000725,1.4624,1.4642,0.1539,0.1525,0.0746,0.0569,18670
81,100,0,823,66663,0.000725,1.9638,1.9638,0.1587,0.1587,0.0322,0.0322,18670
81,100,100,823,66763,0.000725,1.4627,1.4671,0.1481,0.1525,0.0558,0.0533,18670
81,100,200,823,66863,0.000725,1.4654,1.466,0.1474,0.1526,0.0625,0.0531,18670
81,100,300,823,66963,0.000725,1.4659,1.4659,0.1552,0.1526,0.0379,0.0539,18670
81,100,400,823,67063,0.000725,1.4639,1.4655,0.1526,0.1526,0.0321,0.0533,18670
81,100,500,823,67163,0.000725,1.4637,1.4652,0.1518,0.1525,0.0446,0.0543,18670
81,100,600,823,67263,0.000725,1.4639,1.4651,0.1566,0.1525,0.0762,0.0533,18670
81,100,700,823,67363,0.000725,1.4657,1.4652,0.1569,0.1526,0.0376,0.0535,18670
81,100,800,823,67463,0.000725,1.464,1.4653,0.1464,0.1525,0.0359,0.0525,18670
82,100,0,823,67486,0.000725,1.986,1.986,0.1561,0.1561,0.0321,0.0321,18670
82,100,100,823,67586,0.000725,1.4648,1.4694,0.1541,0.1526,0.0533,0.0587,18670
82,100,200,823,67686,0.000725,1.4652,1.467,0.1486,0.1526,0.0623,0.0609,18670
82,100,300,823,67786,0.000725,1.4654,1.4662,0.1537,0.1523,0.1122,0.059,18670
82,100,400,823,67886,0.000725,1.462,1.4657,0.149,0.1525,0.0897,0.0561,18670
82,100,500,823,67986,0.000725,1.4645,1.4653,0.1504,0.1524,0.0304,0.0549,18670
82,100,600,823,68086,0.000725,1.4635,1.465,0.1496,0.1524,0.055,0.0547,18670
82,100,700,823,68186,0.000725,1.4622,1.4647,0.1543,0.1524,0.1401,0.055,18670
82,100,800,823,68286,0.000725,1.4634,1.4644,0.1508,0.1524,0.0769,0.0544,18670
83,100,0,823,68309,0.000725,2.0194,2.0194,0.1465,0.1465,0.0737,0.0737,18670
83,100,100,823,68409,0.000725,1.4627,1.4677,0.1512,0.1519,0.0293,0.0452,18670
83,100,200,823,68509,0.000725,1.4619,1.4649,0.1567,0.1523,0.0438,0.0463,18670
83,100,300,823,68609,0.000725,1.4605,1.4638,0.1555,0.1524,0.0505,0.0509,18670
83,100,400,823,68709,0.000725,1.4606,1.4633,0.1574,0.1525,0.1015,0.0529,18670
83,100,500,823,68809,0.000725,1.46,1.4629,0.1535,0.1525,0.0724,0.0513,18670
83,100,600,823,68909,0.000725,1.4608,1.4626,0.1495,0.1526,0.0355,0.051,18670
83,100,700,823,69009,0.000725,1.4615,1.4624,0.1538,0.1525,0.0281,0.0509,18670
83,100,800,823,69109,0.000725,1.4639,1.4626,0.1548,0.1525,0.0511,0.0509,18670
84,100,0,823,69132,0.000725,2.0762,2.0762,0.1549,0.1549,0.037,0.037,18670
84,100,100,823,69232,0.000725,1.4614,1.4684,0.1566,0.1515,0.04,0.0477,18670
84,100,200,823,69332,0.000725,1.4628,1.4653,0.1527,0.1517,0.0273,0.0545,18670
84,100,300,823,69432,0.000725,1.4619,1.464,0.1556,0.1521,0.0836,0.0531,18670
84,100,400,823,69532,0.000725,1.461,1.4636,0.1577,0.1521,0.0382,0.0542,18670
84,100,500,823,69632,0.000725,1.4616,1.4633,0.1484,0.1522,0.0592,0.0556,18670
84,100,600,823,69732,0.000725,1.4607,1.463,0.1558,0.1522,0.0476,0.0538,18670
84,100,700,823,69832,0.000725,1.4609,1.4628,0.1567,0.1522,0.0543,0.0536,18670
84,100,800,823,69932,0.000725,1.4611,1.4627,0.1556,0.1521,0.0473,0.0532,18670
85,100,0,823,69955,0.000725,2.0164,2.0164,0.1534,0.1534,0.0445,0.0445,18670
85,100,100,823,70055,0.000725,1.4609,1.4668,0.1501,0.1522,0.0613,0.0523,18670
85,100,200,823,70155,0.000725,1.462,1.4644,0.1512,0.1519,0.031,0.0519,18670
85,100,300,823,70255,0.000725,1.4621,1.4636,0.1541,0.1519,0.0461,0.0509,18670
85,100,400,823,70355,0.000725,1.4621,1.4632,0.1519,0.1519,0.0338,0.0507,18670
85,100,500,823,70455,0.000725,1.4623,1.463,0.1482,0.1519,0.0496,0.0505,18670
85,100,600,823,70555,0.000725,1.4632,1.4629,0.1529,0.1519,0.0528,0.051,18670
85,100,700,823,70655,0.000725,1.4631,1.4629,0.1521,0.1518,0.0476,0.0511,18670
85,100,800,823,70755,0.000725,1.4643,1.4633,0.1518,0.1518,0.0589,0.0509,18670
86,100,0,823,70778,0.000725,1.9266,1.9266,0.1555,0.1555,0.0612,0.0612,18670
86,100,100,823,70878,0.000725,1.4637,1.4674,0.1488,0.1519,0.0492,0.0514,18670
86,100,200,823,70978,0.000725,1.4632,1.4654,0.146,0.1518,0.0385,0.0494,18670
86,100,300,823,71078,0.000725,1.4643,1.4647,0.1581,0.1518,0.0308,0.0513,18670
86,100,400,823,71178,0.000725,1.4616,1.4641,0.1481,0.1519,0.0769,0.0532,18670
86,100,500,823,71278,0.000725,1.4631,1.4639,0.1504,0.1518,0.0313,0.0527,18670
86,100,600,823,71378,0.000725,1.4619,1.4637,0.1569,0.1518,0.0407,0.0527,18670
86,100,700,823,71478,0.000725,1.4643,1.4636,0.1516,0.1518,0.0629,0.0529,18670
86,100,800,823,71578,0.000725,1.462,1.4634,0.1498,0.1518,0.0681,0.0534,18670
87,100,0,823,71601,0.000725,2.0304,2.0304,0.1496,0.1496,0.0492,0.0492,18670
87,100,100,823,71701,0.000725,1.4621,1.4688,0.1486,0.1517,0.0272,0.0539,18670
87,100,200,823,71801,0.000725,1.4622,1.4659,0.1512,0.1516,0.0506,0.0522,18670
87,100,300,823,71901,0.000725,1.4618,1.4649,0.1521,0.1515,0.1187,0.0518,18670
87,100,400,823,72001,0.000725,1.4641,1.4645,0.1533,0.1515,0.0314,0.051,18670
87,100,500,823,72101,0.000725,1.4637,1.4641,0.1495,0.1515,0.0418,0.05,18670
87,100,600,823,72201,0.000725,1.4623,1.4639,0.1533,0.1516,0.0862,0.0505,18670
87,100,700,823,72301,0.000725,1.4607,1.4636,0.1494,0.1516,0.0324,0.0505,18670
87,100,800,823,72401,0.000725,1.4607,1.4634,0.1526,0.1516,0.0355,0.0504,18670
88,100,0,823,72424,0.000725,2.0388,2.0388,0.1512,0.1512,0.076,0.076,18670
88,100,100,823,72524,0.000725,1.4656,1.469,0.1441,0.1516,0.0442,0.0514,18670
88,100,200,823,72624,0.000725,1.4642,1.4672,0.1524,0.1515,0.0754,0.0514,18670
88,100,300,823,72724,0.000725,1.4631,1.4663,0.151,0.1516,0.0317,0.0534,18670
88,100,400,823,72824,0.000725,1.4622,1.4655,0.1515,0.1514,0.0424,0.0511,18670
88,100,500,823,72924,0.000725,1.464,1.4649,0.1496,0.1515,0.0814,0.0525,18670
88,100,600,823,73024,0.000725,1.4625,1.4645,0.1489,0.1515,0.0898,0.0531,18670
88,100,700,823,73124,0.000725,1.4624,1.4642,0.1537,0.1515,0.0568,0.0527,18670
88,100,800,823,73224,0.000725,1.4635,1.4639,0.1566,0.1516,0.0446,0.0523,18670
89,100,0,823,73247,0.000725,2.0111,2.0111,0.1535,0.1535,0.0373,0.0373,18670
89,100,100,823,73347,0.000725,1.4629,1.4678,0.1533,0.1516,0.0457,0.0544,18670
89,100,200,823,73447,0.000725,1.4629,1.4651,0.1523,0.1518,0.0512,0.0551,18670
89,100,300,823,73547,0.000725,1.4626,1.4641,0.1506,0.1515,0.0419,0.0546,18670
89,100,400,823,73647,0.000725,1.4625,1.4637,0.1503,0.1515,0.0273,0.0543,18670
89,100,500,823,73747,0.000725,1.4619,1.4634,0.1524,0.1515,0.0415,0.0533,18670
89,100,600,823,73847,0.000725,1.4634,1.4632,0.1513,0.1514,0.0298,0.0516,18670
89,100,700,823,73947,0.000725,1.4614,1.4631,0.1532,0.1513,0.0592,0.0516,18670
89,100,800,823,74047,0.000725,1.4615,1.4629,0.152,0.1513,0.038,0.0518,18670
90,100,0,823,74070,0.000725,1.9797,1.9797,0.1542,0.1542,0.0397,0.0397,18670
90,100,100,823,74170,0.000725,1.4608,1.4661,0.1494,0.1511,0.0431,0.047,18670
90,100,200,823,74270,0.000725,1.4641,1.4641,0.1487,0.1512,0.0261,0.0476,18670
90,100,300,823,74370,0.000725,1.4627,1.4641,0.1502,0.1512,0.0385,0.0481,18670
90,100,400,823,74470,0.000725,1.4641,1.4638,0.1517,0.1511,0.036,0.05,18670
90,100,500,823,74570,0.000725,1.461,1.4635,0.1467,0.1511,0.0351,0.0501,18670
90,100,600,823,74670,0.000725,1.4627,1.4634,0.1502,0.1512,0.0325,0.051,18670
90,100,700,823,74770,0.000725,1.4627,1.4631,0.1464,0.1512,0.0598,0.0505,18670
90,100,800,823,74870,0.000725,1.461,1.4629,0.1546,0.1512,0.0509,0.0508,18670
91,100,0,823,74893,0.000725,1.9105,1.9105,0.15,0.15,0.036,0.036,18670
91,100,100,823,74993,0.000725,1.4623,1.4652,0.1488,0.1508,0.0694,0.0581,18670
91,100,200,823,75093,0.000725,1.4606,1.4634,0.1509,0.1508,0.0525,0.0556,18670
91,100,300,823,75193,0.000725,1.4633,1.4627,0.1489,0.1509,0.0235,0.0559,18670
91,100,400,823,75293,0.000725,1.4608,1.4623,0.1552,0.1509,0.0597,0.0544,18670
91,100,500,823,75393,0.000725,1.4624,1.4622,0.1469,0.1508,0.0388,0.0541,18670
91,100,600,823,75493,0.000725,1.4617,1.462,0.147,0.1508,0.0481,0.0539,18670
91,100,700,823,75593,0.000725,1.462,1.4619,0.1527,0.1508,0.0353,0.0536,18670
91,100,800,823,75693,0.000725,1.4611,1.4618,0.1541,0.1508,0.0849,0.0537,18670
92,100,0,823,75716,0.000725,2.0377,2.0377,0.1521,0.1521,0.0569,0.0569,18670
92,100,100,823,75816,0.000725,1.4631,1.4673,0.1488,0.1512,0.0319,0.0491,18670
92,100,200,823,75916,0.000725,1.4626,1.4653,0.1477,0.1514,0.0381,0.0487,18670
92,100,300,823,76016,0.000725,1.4612,1.4641,0.1498,0.1512,0.0296,0.0507,18670
92,100,400,823,76116,0.000725,1.4609,1.4634,0.1507,0.1512,0.0378,0.0524,18670
92,100,500,823,76216,0.000725,1.4621,1.463,0.1566,0.151,0.0891,0.0514,18670
92,100,600,823,76316,0.000725,1.4603,1.4627,0.1486,0.1509,0.0349,0.0517,18670
92,100,700,823,76416,0.000725,1.4609,1.4625,0.149,0.1509,0.0492,0.0521,18670
92,100,800,823,76516,0.000725,1.4629,1.4623,0.1444,0.1508,0.0461,0.0522,18670
93,100,0,823,76539,0.000725,2.0255,2.0255,0.1473,0.1473,0.0325,0.0325,18670
93,100,100,823,76639,0.000725,1.4604,1.4661,0.1542,0.1501,0.072,0.048,18670
93,100,200,823,76739,0.000725,1.46,1.4634,0.1533,0.1502,0.0285,0.049,18670
93,100,300,823,76839,0.000725,1.4603,1.4624,0.1517,0.1505,0.0533,0.0508,18670
93,100,400,823,76939,0.000725,1.4604,1.4621,0.1568,0.1506,0.0337,0.0506,18670
93,100,500,823,77039,0.000725,1.4595,1.4618,0.149,0.1506,0.0395,0.0498,18670
93,100,600,823,77139,0.000725,1.459,1.4615,0.1457,0.1506,0.1283,0.052,18670
93,100,700,823,77239,0.000725,1.4621,1.4615,0.1489,0.1505,0.0316,0.0522,18670
93,100,800,823,77339,0.000725,1.4642,1.4617,0.1505,0.1505,0.0389,0.0525,18670
94,100,0,823,77362,0.000725,1.9683,1.9683,0.1498,0.1498,0.0343,0.0343,18670
94,100,100,823,77462,0.000725,1.4631,1.468,0.1436,0.1499,0.0621,0.0519,18670
94,100,200,823,77562,0.000725,1.4619,1.4652,0.155,0.1502,0.0383,0.0525,18670
94,100,300,823,77662,0.000725,1.4626,1.4643,0.1544,0.1503,0.0548,0.0545,18670
94,100,400,823,77762,0.000725,1.4635,1.4638,0.1532,0.1504,0.0767,0.0541,18670
94,100,500,823,77862,0.000725,1.4627,1.4635,0.1476,0.1503,0.0621,0.0545,18670
94,100,600,823,77962,0.000725,1.464,1.4633,0.1501,0.1504,0.0418,0.0531,18670
94,100,700,823,78062,0.000725,1.4639,1.4631,0.1519,0.1504,0.0373,0.0534,18670
94,100,800,823,78162,0.000725,1.4624,1.463,0.1481,0.1504,0.038,0.053,18670
95,100,0,823,78185,0.000725,2.0219,2.0219,0.1484,0.1484,0.0619,0.0619,18670
95,100,100,823,78285,0.000725,1.4622,1.467,0.151,0.1501,0.0335,0.0461,18670
95,100,200,823,78385,0.000725,1.4611,1.4644,0.1474,0.1501,0.052,0.0462,18670
95,100,300,823,78485,0.000725,1.4617,1.4635,0.1493,0.15,0.0492,0.0493,18670
95,100,400,823,78585,0.000725,1.4619,1.4631,0.1531,0.15,0.0614,0.0494,18670
95,100,500,823,78685,0.000725,1.4613,1.4628,0.1487,0.15,0.0548,0.0498,18670
95,100,600,823,78785,0.000725,1.4608,1.4626,0.1563,0.1501,0.0663,0.0517,18670
95,100,700,823,78885,0.000725,1.4643,1.4626,0.1513,0.1501,0.0263,0.0527,18670
95,100,800,823,78985,0.000725,1.4631,1.4628,0.1572,0.1502,0.0615,0.0532,18670
96,100,0,823,79008,0.000725,1.9553,1.9553,0.1504,0.1504,0.0752,0.0752,18670
96,100,100,823,79108,0.000725,1.4609,1.4672,0.1517,0.1502,0.0534,0.0502,18670
96,100,200,823,79208,0.000725,1.4614,1.465,0.1496,0.15,0.0285,0.0521,18670
96,100,300,823,79308,0.000725,1.4617,1.4641,0.1552,0.1502,0.0433,0.0512,18670
96,100,400,823,79408,0.000725,1.4605,1.4636,0.1468,0.1501,0.0414,0.0519,18670
96,100,500,823,79508,0.000725,1.4621,1.4633,0.1548,0.1501,0.0392,0.0507,18670
96,100,600,823,79608,0.000725,1.4614,1.4631,0.1519,0.1502,0.0427,0.0512,18670
96,100,700,823,79708,0.000725,1.4608,1.4629,0.1475,0.1502,0.0259,0.0512,18670
96,100,800,823,79808,0.000725,1.4632,1.4629,0.1459,0.1501,0.0457,0.0518,18670
97,100,0,823,79831,0.000725,1.9709,1.9709,0.1511,0.1511,0.0489,0.0489,18670
97,100,100,823,79931,0.000725,1.4615,1.467,0.1502,0.15,0.0334,0.0515,18670
97,100,200,823,80031,0.000725,1.4614,1.4647,0.153,0.1498,0.0317,0.0551,18670
97,100,300,823,80131,0.000725,1.4601,1.4639,0.1461,0.1498,0.0678,0.0529,18670
97,100,400,823,80231,0.000725,1.4595,1.4632,0.1506,0.1497,0.0248,0.055,18670
97,100,500,823,80331,0.000725,1.4587,1.4626,0.147,0.1497,0.0584,0.0543,18670
97,100,600,823,80431,0.000725,1.4611,1.4622,0.1498,0.1498,0.0506,0.0535,18670
97,100,700,823,80531,0.000725,1.4623,1.4621,0.1472,0.1499,0.0275,0.0537,18670
97,100,800,823,80631,0.000725,1.4632,1.4622,0.1491,0.1498,0.0334,0.0544,18670
98,100,0,823,80654,0.000725,1.9791,1.9791,0.1472,0.1472,0.0412,0.0412,18670
98,100,100,823,80754,0.000725,1.4607,1.466,0.1504,0.1493,0.0519,0.0565,18670
98,100,200,823,80854,0.000725,1.461,1.4633,0.1531,0.1499,0.0314,0.0559,18670
98,100,300,823,80954,0.000725,1.4592,1.4624,0.1479,0.1499,0.0492,0.0546,18670
98,100,400,823,81054,0.000725,1.4605,1.462,0.1528,0.1497,0.0262,0.0534,18670
98,100,500,823,81154,0.000725,1.4601,1.4618,0.1489,0.1497,0.023,0.0522,18670
98,100,600,823,81254,0.000725,1.4607,1.4615,0.1569,0.1497,0.0354,0.0527,18670
98,100,700,823,81354,0.000725,1.4608,1.4613,0.1507,0.1497,0.0358,0.0524,18670
98,100,800,823,81454,0.000725,1.4628,1.4613,0.1482,0.1497,0.0392,0.051,18670
99,100,0,823,81477,0.000725,2.0039,2.0039,0.1549,0.1549,0.0327,0.0327,18670
99,100,100,823,81577,0.000725,1.4629,1.4664,0.1502,0.1504,0.0265,0.0525,18670
99,100,200,823,81677,0.000725,1.4622,1.464,0.1502,0.15,0.0401,0.0512,18670
99,100,300,823,81777,0.000725,1.4635,1.4631,0.1485,0.1498,0.0577,0.0521,18670
99,100,400,823,81877,0.000725,1.4618,1.4627,0.1485,0.1498,0.0777,0.0546,18670
99,100,500,823,81977,0.000725,1.4623,1.4623,0.1507,0.1497,0.0335,0.0539,18670
99,100,600,823,82077,0.000725,1.4634,1.462,0.1484,0.1496,0.1188,0.0541,18670
99,100,700,823,82177,0.000725,1.4604,1.4621,0.1508,0.1496,0.1338,0.0542,18670
99,100,800,823,82277,0.000725,1.462,1.4622,0.1554,0.1497,0.047,0.054,18670
